ID,Token,username,Recovery Buddy [1],Recovery Buddy [2],Recovery Buddy [3],Recovery Buddy [4],Recovery Buddy [5],Recovery Buddy [6],Friends in Common (they say they have recovery friends who also say them back),What sex is Buddy 1,How old is Buddy 1,"To your knowledge, does Buddy 1 use any substances such as alcohol, beer, marijuana, or other substances?",What substance/substances does Buddy 1 use?,Is Buddy 1 a daily substance user?,Has Buddy 1 ever suggested that you not use or reduce your use of any substances?Â,"During the past 30 days, did Buddy 1 provide you with support such as: help with transportation, school, financial assistance, talking through problems, or encourage you to participate in sports/exercise, school teams or clubs, volunteering, or church activities?",How many people in your network does Buddy 1 know?,How close to you feel to Buddy 1,What sex is Buddy 2,How old is Buddy 2,"To your knowledge, does Buddy 2 use any substances such as alcohol, beer, marijuana, or other substances?",What substance/substances does Buddy 2 use?,Is Buddy 2 a daily substance user?,Has Buddy 2 ever suggested that you not use or reduce your use of any substances?Â,"During the past 30 days, did Buddy 2 provide you with support such as: help with transportation, school, financial assistance, talking through problems, or encourage you to participate in sports/exercise, school teams or clubs, volunteering, or church activities?",How many people in your network does Buddy 2 know?,How close to you feel to Buddy 2,What sex is Buddy 3,How old is Buddy 3,"To your knowledge, does Buddy 3 use any substances such as alcohol, beer, marijuana, or other substances?",What substance/substances does Buddy 3 use?,Is Buddy 3 a daily substance user?,Has Buddy 3 ever suggested that you not use or reduce your use of any substances?Â,"During the past 30 days, did Buddy 3 provide you with support such as: help with transportation, school, financial assistance, talking through problems, or encourage you to participate in sports/exercise, school teams or clubs, volunteering, or church activities?",How many people in your network does Buddy 3 know?,How close to you feel to Buddy 3,What sex is Buddy 4,How old is Buddy 4,"To your knowledge, does Buddy 4 use any substances such as alcohol, beer, marijuana, or other substances?",What substance/substances does Buddy 4 use?,Is Buddy 4 a daily substance user?,Has Buddy 4 ever suggested that you not use or reduce your use of any substances?Â,"During the past 30 days, did Buddy 4 provide you with support such as: help with transportation, school, financial assistance, talking through problems, or encourage you to participate in sports/exercise, school teams or clubs, volunteering, or church activities?",How many people in your network does Buddy 4 know?,How close to you feel to Buddy 4,What sex is Buddy 5,How old is Buddy 5,"To your knowledge, does Buddy 5 use any substances such as alcohol, beer, marijuana, or other substances?",What substance/substances does Buddy 5 use?,Is Buddy 5 a daily substance user?,Has Buddy 5 ever suggested that you not use or reduce your use of any substances?Â,"During the past 30 days, did Buddy 5 provide you with support such as: help with transportation, school, financial assistance, talking through problems, or encourage you to participate in sports/exercise, school teams or clubs, volunteering, or church activities?",How many people in your network does Buddy 5 know?,How close to you feel to Buddy 5,What sex is Buddy 6,How old is Buddy 6,"To your knowledge, does Buddy 6 use any substances such as alcohol, beer, marijuana, or other substances?",What substance/substances does Buddy 6 use?,Is Buddy 6 a daily substance user?,Has Buddy 6 ever suggested that you not use or reduce your use of any substances?Â,"During the past 30 days, did Buddy 6 provide you with support such as: help with transportation, school, financial assistance, talking through problems, or encourage you to participate in sports/exercise, school teams or clubs, volunteering, or church activities?",How many people in your network does Buddy 6 know?,How close to you feel to Buddy 6
309,k3b663ghb58uqv3,u4001,4002,4003,4004,4126,4127,4128,1,Male,0,No,,No,No,no,0,not close,Male,0,No,,No,No,no,0,not close,Female,0,No,,No,No,no,0,not close,Female,0,No,,No,No,no,0,not close,Female,0,No,,No,No,no,0,not close,Male,0,No,,No,No,no,0,not close
275,tx9bmddc32si97b,u4004,4001,4002,4003,4005,4006,4007,2,Male,46,No,,No,No,no,3,not close,Male,23,No,,No,No,no,2,not close,Male,34,No,,No,No,no,4,not close,Male,45,No,,No,No,no,1,not close,Male,32,No,,No,No,no,5,not close,Female,18,No,,No,No,no,2,not close
265,66mj75vy8v3y3a8,u4006,4003,4004,4005,4007,4008,4009,3,Male,40,No,,No,No,no,0,not close,Male,0,No,,No,No,no,0,not close,Male,0,No,,No,No,no,0,not close,Male,0,No,,No,No,no,0,not close,Male,0,No,,No,No,no,0,not close,Male,0,No,,No,No,no,0,not close
292,c4iycdg2xy62566,u4008,4006,4005,4009,4010,4011,4012,2,Male,35,No,,No,Yes,little,5,somewhat close,Female,40,No,,No,Yes,little,5,not close,Female,27,No,,No,Yes,little,5,not close,Male,35,No,,No,Yes,little,5,not close,Female,30,No,,No,Yes,little,5,not close,Female,40,No,,No,Yes,little,5,not close
266,mitwjagb8949fpc,u4009,4008,4010,4006,4007,4005,4012,2,Male,37,No,,No,No,no,50,not close,Male,50,No,,No,No,no,50,not close,Female,46,No,,No,No,no,50,not close,Male,35,No,,No,No,no,50,not close,Male,51,No,,No,No,no,50,not close,Female,39,No,,No,No,no,75,not close
262,zydevv7gsnnym8r,u4014,4011,4012,4013,4015,4016,4017,3,Male,35,No,,No,No,no,5,not close,Female,35,No,,No,No,no,5,not close,Male,35,No,,No,No,no,5,not close,Male,40,No,,No,No,no,5,somewhat close,Female,30,No,,No,No,no,5,not close,Male,35,No,,No,No,no,5,not close
287,g8ugzpuz4wz38pq,u4015,4012,4013,4014,4016,4017,4018,4,Female,40,No,,No,No,no,0,not close,Female,40,No,,No,No,no,0,not close,Female,30,No,,No,No,no,0,not close,Female,35,No,,No,No,no,0,not close,Male,50,No,,No,No,no,0,not close,Female,50,No,,No,No,no,0,not close
379,csc7bm84ixh3ku7,u4016,4013,4014,4015,4017,4018,4019,5,Female,0,No,,No,No,no,0,not close,Male,40,No,,No,No,no,0,not close,Female,50,No,,No,No,no,0,not close,Female,40,No,,No,No,no,0,not close,Male,40,No,,No,No,no,0,not close,Male,40,No,,No,No,no,0,not close
238,awykx7gvwi4jckc,u4017,4014,4015,4016,4018,4019,4020,6,Female,26,No,,No,No,no,0,not close,Male,45,No,,No,No,no,0,not close,Male,0,No,,No,No,no,0,not close,Female,46,No,,No,No,no,0,not close,Female,42,No,,No,No,no,0,not close,Female,27,No,,No,No,no,0,not close
341,2kix79z8pn89982,u4018,4015,4016,4017,4019,4020,4021,6,Male,40,No,,No,No,no,3,not close,Female,20,No,,No,No,no,1,not close,Male,30,No,,No,No,no,2,not close,Female,40,No,,No,No,no,1,not close,Male,27,No,,No,No,no,5,not close,Female,50,No,,No,No,no,5,not close
315,asc8x3zu3ux2jg6,u4019,4017,4016,4020,4022,4021,4018,6,Male,50,No,,No,No,little,5,not close,Male,30,No,,No,No,no,5,not close,Female,45,No,,No,No,no,4,not close,Male,57,No,,No,No,no,5,not close,Male,50,No,,No,No,no,5,not close,Female,55,No,,No,No,no,5,not close
325,3rh73dh333adtw2,u4020,4017,4018,4019,4021,4022,4023,5,Male,40,No,,No,No,no,5,somewhat close,Female,43,No,,No,No,no,0,not close,Female,36,No,,No,No,no,0,not close,Male,0,No,,No,No,no,0,not close,Male,45,No,,No,No,no,2,somewhat close,Female,0,No,,No,No,no,0,not close
346,yv8sm8a22dw94ax,u4021,4018,4019,4020,4022,4023,4024,5,Female,40,No,,No,No,no,5,not close,Male,35,No,,No,No,no,5,not close,Female,45,No,,No,No,no,4,not close,Male,50,No,,No,No,no,3,not close,Male,40,No,,No,No,no,5,not close,Male,45,No,,No,No,no,4,not close
281,irhju27avkdyrup,u4022,4019,4020,4021,4022,4023,4024,4,Female,0,Yes,Not sure,Yes,No,no,0,not close,Male,0,Yes,Not sure,Yes,No,no,0,not close,Female,0,No,,Yes,No,no,0,not close,Male,0,No,,Yes,No,no,0,not close,Female,0,No,,No,No,no,0,not close,Male,0,No,,No,No,no,0,not close
328,64wwvdnzftn8gmv,u4024,4022,4021,4025,4026,4027,4023,4,Male,22,No,,No,No,no,0,not close,Female,45,No,,No,No,no,0,not close,Female,40,No,,No,No,no,0,not close,Male,33,No,,No,No,no,0,not close,Female,50,No,,No,No,little,0,not close,Male,24,No,,No,No,no,0,not close
405,mitfgdashrm9xvu,u4026,4024,4025,4027,4029,4028,4023,4,Female,10,Yes,no idea,No,No,no,6,not close,Male,10,Yes,no idea,No,No,no,6,not close,Female,10,Yes,no idea,No,No,no,6,not close,Female,10,Yes,no idea,No,No,no,6,not close,Female,10,Yes,no idea,No,No,no,6,not close,Female,10,No,,No,No,no,6,not close
278,wgigcwze377uuy3,u4027,4024,4025,4026,4028,4029,4030,5,Female,19,No,,No,No,no,0,not close,Female,0,No,,No,No,no,0,not close,Female,0,No,,No,No,no,0,not close,Male,0,No,,No,No,no,0,not close,Female,0,No,,No,No,no,0,not close,Female,3,No,,No,No,no,0,not close
283,fbxjtnefhwc5axb,u4028,4025,4026,4027,4029,4030,4031,5,Female,33,No,,No,No,no,0,not close,Male,0,No,,No,No,no,0,not close,Female,35,No,,No,No,no,0,not close,Female,40,No,,No,No,no,0,not close,Female,25,No,,No,No,no,0,not close,Male,1,No,,No,No,no,0,not close
250,fdihsvvfankd5cb,u4029,4026,4027,4028,4030,4031,4032,6,Male,32,No,,No,No,no,5,not close,Female,50,No,,No,No,no,3,not close,Male,58,No,,No,No,no,2,not close,Female,26,No,,No,No,no,2,not close,Female,39,No,,No,No,no,0,not close,Male,19,No,,No,No,no,0,not close
308,vyqyiim26huig9d,u4030,4027,4028,4029,4031,4032,4033,6,Female,50,No,,No,No,no,5,not close,Male,45,No,,No,No,no,5,not close,Female,40,No,,No,No,no,5,not close,Female,35,No,,No,No,no,5,not close,Male,40,No,,No,No,no,5,not close,Female,50,No,,No,No,no,5,not close
221,2rcu4j3jxed27e2,u4031,3028,3029,3030,3032,3033,3034,5,Female,40,No,,No,No,no,0,not close,Male,50,No,,No,No,no,0,not close,Male,25,No,,No,No,no,0,not close,Male,47,No,,No,No,no,0,not close,Male,33,No,,No,No,no,0,not close,Female,26,No,,No,No,no,0,not close
225,fzntvtuvs743fjq,u4032,3029,3030,3031,3033,3034,3035,6,Female,49,No,,No,No,little,1,not close,Female,20,No,,No,No,no,1,not close,Male,40,No,,No,No,no,0,not close,Female,50,No,,No,No,no,0,not close,Female,30,No,,No,No,no,2,not close,Female,25,No,,No,No,no,0,not close
237,kjyxtj462yuz787,u4033,3030,3031,3032,3034,3035,3036,6,Female,0,No,,No,No,no,0,not close,Female,0,No,,No,No,no,0,not close,Female,0,No,,No,No,no,0,not close,Female,0,No,,No,No,no,0,not close,Female,0,No,,No,No,no,0,not close,Female,0,No,,No,No,no,0,not close
398,mdvjj6sn8t7dw77,u4034,4035,4036,4037,4038,4033,4032,4,Female,50,No,,No,No,no,6,not close,Female,24,No,,No,No,no,6,not close,Female,40,No,,No,No,no,6,not close,Female,40,No,,No,No,no,6,not close,Female,40,No,,No,No,no,6,not close,Female,40,No,,No,No,no,6,not close
226,eqyfw8vcazvexwu,u4035,3032,3034,3037,3033,3036,3038,6,Female,25,No,,No,No,little,5,not close,Female,30,No,,No,No,no,5,not close,Female,28,No,,No,No,no,5,not close,Female,55,No,,No,No,little,5,not close,Female,32,No,,No,No,no,5,not close,Female,51,No,,No,No,no,5,not close
347,qc6xdsizchqmr7t,u4036,4033,4034,4035,4037,4038,4039,4,Female,35,No,,No,No,no,0,not close,Female,35,No,,No,No,no,0,not close,Female,45,No,,No,No,no,0,not close,Female,35,No,,No,No,no,0,not close,Female,35,No,,No,No,no,0,not close,Female,35,No,,No,No,no,0,not close
227,w87getv8psbabgw,u4037,4030,4020,4002,4035,4052,4037,2,Male,50,No,,No,No,no,2,not close,Male,32,No,,No,No,no,0,not close,Male,0,No,,No,No,no,0,not close,Female,0,No,,No,No,no,0,not close,Male,0,No,,No,No,no,0,not close,Male,0,No,,No,No,no,0,not close
319,fiw49zqjc5arh49,u4039,4009,4010,4112,4120,4095,4096,0,Male,22,No,,No,No,no,6,not close,Male,27,No,,No,No,no,6,not close,Female,36,No,,No,No,no,6,not close,Female,48,No,,No,No,no,6,not close,Male,21,No,,No,No,no,6,not close,Male,24,No,,No,No,no,6,not close
362,qu65ejatxrxpme4,u4040,4037,4041,4038,4042,4043,4045,2,Female,20,No,,No,No,no,0,not close,Female,20,No,,No,No,no,0,not close,Female,20,No,,No,No,no,0,not close,Female,20,No,,No,No,no,0,not close,Female,20,No,,No,No,no,0,not close,Female,20,No,,No,No,no,0,not close
351,zvf85cercqtpxak,u4041,4038,4039,4040,4042,4043,4044,2,Female,40,No,,No,No,no,2,not close,Female,40,No,,No,No,no,2,not close,Female,40,No,,No,No,no,2,not close,Male,20,No,,No,No,no,2,not close,Male,30,No,,No,No,no,2,not close,Male,35,No,,No,No,no,2,not close
316,sfg68shmyuj6yrx,u4045,4041,4042,4043,4044,4056,4057,1,Female,18,No,,No,No,no,1,not close,Female,18,No,,No,No,no,0,not close,Female,18,No,,No,No,no,0,not close,Male,30,No,,No,No,no,1,not close,Female,18,No,,No,No,no,0,not close,Female,18,No,,No,No,no,0,not close
358,4agee55z4kpagne,u4046,4043,4044,4045,4047,4048,4049,1,Male,40,Yes,any and all,Yes,No,no,0,not close,Male,50,Yes,alcohol,No,No,no,2,somewhat close,Male,43,No,,No,No,no,0,not close,Female,38,No,,No,No,no,1,not close,Female,45,No,,No,No,no,0,not close,Female,40,No,,No,No,no,0,not close
310,eb6eti5uyf2x8bz,u4049,4046,4047,4048,4050,4051,4052,3,Female,40,No,,No,No,no,0,not close,Male,35,No,,No,No,no,0,not close,Female,28,No,,No,No,no,0,not close,Male,40,No,,No,No,no,0,not close,Male,35,No,,No,No,no,0,not close,Female,40,No,,No,No,no,0,not close
223,7xckes5x8jpiy4j,u4050,4047,4048,4049,4051,4052,4053,3,Male,35,No,,No,No,no,0,not close,Male,40,No,,No,No,no,0,not close,Female,45,No,,No,No,no,0,not close,Female,50,No,,No,No,no,0,not close,Male,28,No,,No,No,no,0,not close,Male,51,No,,No,No,no,0,not close
384,jdc6qc4aj9snxd7,u4051,null,4050,4052,4054,4062,4056,2,Female,29,No,,Yes,Yes,no,3,somewhat close,Male,30,No,,Yes,Yes,no,3,not close,Female,36,No,,Yes,Yes,no,3,somewhat close,Female,32,No,,No,Yes,no,2,not close,Female,33,No,,Yes,Yes,no,1,not close,Female,29,No,,No,No,no,1,not close
369,3g9x2pp9ffxiur3,u4052,4037,4053,4054,4049,4050,4051,4,Female,32,No,,No,No,no,1,not close,Female,26,No,,No,No,no,5,not close,Male,45,No,,No,No,no,8,not close,Female,28,No,,No,No,no,5,not close,Male,31,No,,No,No,no,4,not close,Female,43,No,,No,No,no,3,not close
372,rn9ff7syrp9bv2i,u4054,4010,4076,4193,4154,4228,4247,0,Female,35,No,,No,No,no,0,not close,Male,37,No,,No,No,no,0,not close,Female,41,No,,No,No,no,0,not close,Male,43,No,,No,No,no,0,not close,Female,45,No,,No,No,no,0,not close,Female,59,No,,No,No,no,0,not close
332,wnkk5hutm43emrr,u4055,4052,4053,4054,4056,4057,4058,2,Male,0,No,,No,No,no,0,not close,Male,0,No,,No,No,no,0,not close,Male,0,No,,No,No,no,0,not close,Male,0,No,,No,No,no,0,not close,Male,0,No,,No,No,no,0,not close,Male,0,No,,No,No,no,0,not close
408,n3crfpacfh8q5d8,u4056,4001,4222,4231,4123,4158,4199,0,Male,52,No,,No,No,no,3,not close,Male,36,No,,No,No,no,5,not close,Male,22,No,,No,No,no,23,not close,Male,18,No,,No,No,no,2,not close,Male,45,No,,No,No,no,3,not close,Male,59,No,,No,No,no,2,not close
399,dzzbskj8tdvnyh5,u4057,4054,4055,4056,4058,4059,4060,4,Female,40,No,,No,No,little,0,not close,Female,29,No,,No,No,little,0,not close,Male,45,No,,No,No,no,0,not close,Female,50,No,,No,No,no,2,somewhat close,Female,41,No,,No,No,some,2,somewhat close,Female,55,No,,No,No,some,3,somewhat close
349,ysyvcj5t3vygd75,u4058,4055,4056,4057,4059,4060,4061,5,Female,0,No,,No,No,no,0,not close,Male,0,No,,No,No,no,0,not close,Male,20,No,,No,No,no,0,not close,Female,1,No,,No,No,no,0,not close,Female,34,No,,No,No,no,0,not close,Male,0,No,,No,No,no,0,not close
289,escjvsg6p8q5scj,u4059,4056,4057,4058,4060,4061,4062,5,Male,0,No,,No,No,no,0,not close,Male,20,Yes,unknown,Yes,No,no,1,not close,Female,0,Yes,opiates?,No,No,no,6,not close,Female,0,Yes,unknown,No,No,no,6,not close,Female,0,No,,No,No,no,6,not close,Female,0,No,,No,No,no,6,not close
397,ub5u2qis6uff95d,u4060,4059,4057,4063,4062,4058,4061,6,Female,30,Yes,ETOH,No,No,no,1,not close,Male,40,No,,No,No,no,1,not close,Female,35,No,,No,No,no,1,not close,Female,20,No,,No,No,no,0,not close,Female,35,No,,No,No,no,0,not close,Female,40,No,,No,No,no,0,not close
288,a8m3z9ppzes9b9b,u4061,4058,4059,4060,4062,4063,4064,5,Female,0,No,,No,No,no,5,not close,Female,0,No,,No,No,no,5,not close,Female,0,No,,No,No,no,5,not close,Female,0,No,,No,No,no,5,not close,Female,0,No,,No,No,no,5,not close,Female,0,No,,No,No,no,5,not close
387,nanbn3jmas3w2x2,u4062,4059,4060,4061,4063,4064,4065,5,Male,26,No,,No,No,no,4,not close,Female,5,No,,No,No,no,5,somewhat close,Female,50,Yes,alcohol and cigarettes,Yes,No,no,5,not close,Female,55,No,,No,No,no,5,somewhat close,Female,36,No,,No,No,no,5,not close,Male,22,No,,No,No,no,0,not close
368,2yibbivq56xhivp,u4063,4060,4061,4062,4064,4065,4066,5,Female,0,No,,No,No,no,0,not close,Female,0,No,,No,No,no,0,not close,Female,0,No,,No,No,no,0,not close,Female,0,No,,No,No,no,0,not close,Female,0,No,,No,No,no,0,not close,Female,0,No,,No,No,no,0,not close
324,37xd9v6x9k7qb8e,u4065,4063,4066,4068,4062,4064,4067,5,Male,30,No,,No,No,no,5,not close,Male,30,No,,No,No,no,5,not close,Male,30,No,,No,No,no,5,not close,Male,30,No,,No,No,no,5,not close,Male,30,No,,No,No,no,5,not close,Male,30,No,,No,No,no,5,not close
353,yanf3ankmy9jmj6,u4066,4063,4064,4065,4067,4068,4069,4,Female,14,No,,No,No,no,0,not close,Female,4,No,,No,No,no,0,not close,Male,0,No,,No,No,no,0,not close,Male,30,No,,No,No,no,0,not close,Male,0,No,,No,No,no,0,not close,Female,0,No,,No,No,no,0,not close
235,djqkkhu4n8nvzm7,u4067,4064,4065,4066,4068,4069,4070,4,Female,40,No,,No,No,no,0,not close,Male,40,No,,No,No,lot,0,not close,Female,40,No,,No,No,no,0,not close,Male,45,No,,No,No,no,0,not close,Female,50,No,,No,No,no,0,not close,Male,47,No,,No,No,no,0,not close
295,9asbiq2rw69jr87,u4068,4065,4066,4067,4069,4070,4071,6,Male,51,No,,No,No,no,6,not close,Male,51,No,,No,No,no,6,somewhat close,Male,60,No,,No,No,no,6,somewhat close,Female,54,No,,No,No,no,6,somewhat close,Male,36,No,,No,No,no,6,not close,Male,48,No,,No,No,no,6,somewhat close
232,5c745xmaa8yvj97,u4069,4068,4070,4072,4071,4073,4074,3,Male,40,No,,No,No,no,5,not close,Female,,N/A,,N/A,N/A,,,,N/A,,N/A,,N/A,N/A,,,,N/A,,N/A,,N/A,N/A,,,,N/A,,N/A,,N/A,N/A,,,,N/A,,N/A,,N/A,N/A,,,
411,pf7i3cbedixbnvm,u4070,4067,4068,4069,4070,4072,4073,5,Female,45,No,,No,Yes,no,6,not close,Male,45,No,,No,Yes,no,6,not close,Male,45,No,,No,Yes,no,6,not close,Male,45,No,,No,Yes,no,6,not close,Male,45,No,,No,Yes,no,6,not close,Male,45,No,,No,Yes,no,6,not close
245,swfui86wzmnra5u,u4071,4070,4072,4073,4068,4069,4074,4,Male,45,No,,No,Yes,no,5,not close,Female,34,No,,No,No,no,5,not close,Male,45,No,,No,No,no,5,not close,Male,45,No,,No,No,no,5,not close,Female,44,No,,No,No,no,5,not close,Male,50,No,,No,No,no,0,not close
233,w9fj3wx5cvz8yuj,u4072,4070,4072,4071,4073,4074,4074,3,Female,40,No,,No,No,little,5,somewhat close,Male,45,No,,No,No,no,5,somewhat close,Male,35,No,,No,No,no,5,somewhat close,Male,30,No,,No,No,some,5,somewhat close,Male,0,No,,No,No,no,0,not close,Male,30,No,,No,No,little,5,not close
382,a6panmqvntmhsjj,u4073,4070,4071,4072,4074,4075,4076,4,Male,24,No,,No,No,no,6,not close,Male,40,No,,No,No,no,6,not close,Female,37,No,,No,No,no,6,not close,Female,30,No,,No,No,no,6,not close,Male,35,No,,No,No,no,6,not close,Female,46,No,,No,No,no,6,not close
242,cgghe9pxribszis,u4076,4073,4074,4075,4077,4078,4079,3,Male,4,No,,No,No,no,0,not close,Female,11,No,,No,No,no,0,not close,Male,11,No,,No,No,no,0,not close,Female,0,No,,No,No,no,0,not close,Male,0,No,,No,No,no,0,not close,Female,0,No,,No,No,no,0,not close
244,8kj8rrcbkj6p4ka,u4077,4074,4075,4076,4078,4079,4080,3,Female,0,No,,No,No,no,0,not close,Male,0,No,,No,No,no,0,not close,Female,0,No,,No,No,no,0,not close,Male,0,No,,No,No,no,0,not close,Female,0,No,,No,No,no,0,not close,Male,0,No,,No,No,no,0,not close
239,hpuaja8n3ncuk78,u4079,3002,3003,3004,3005,3006,3007,0,Male,42,No,,No,No,little,0,not close,Female,35,No,,No,No,no,0,not close,Male,34,No,,No,No,no,0,not close,Female,26,No,,No,No,no,0,not close,Male,0,No,,No,No,no,0,not close,Male,41,No,,No,No,no,0,not close
277,cmsysdqcapbfeh5,u4080,4077,4078,4079,4081,4082,4083,3,Female,30,No,,No,No,no,5,not close,Male,30,No,,No,No,no,5,not close,Female,40,No,,No,No,no,5,not close,Male,50,No,,No,No,no,5,not close,Male,50,No,,No,No,no,5,not close,Male,25,No,,No,No,no,5,not close
251,tghsvy68jpwyatr,u4081,4082,4079,4078,4076,4075,4074,1,Male,30,No,,No,No,no,4,not close,Female,32,No,,No,No,no,4,not close,Male,32,No,,No,No,no,28,not close,Female,29,No,,No,No,no,3,not close,Male,37,No,,No,No,no,4,not close,Male,39,No,,No,No,no,5,not close
344,uzsii4cb7a58ihq,u4082,4079,4080,4081,4083,4084,4085,3,Male,0,No,,No,No,no,3,not close,Male,0,No,,No,No,no,0,not close,Male,0,No,,No,No,no,0,not close,Female,0,No,,No,No,no,0,not close,Male,0,No,,No,No,no,0,not close,Female,55,No,,No,No,no,3,not close
364,n2hug9sz5ievr58,u4083,4002,4003,4004,4005,4006,4007,0,Female,20,No,,No,No,no,0,not close,Female,999,No,,No,No,no,0,not close,Female,999,No,,No,No,no,0,not close,Female,999,No,,No,No,no,0,not close,Female,999,No,,No,No,no,0,not close,Female,999,No,,No,No,no,0,not close
385,fxvr623g38d42v8,u4084,4081,4082,4083,4085,4086,4087,3,Male,45,No,,No,Yes,little,2,not close,Male,36,No,,No,No,no,2,not close,Female,25,No,,No,No,no,2,not close,Male,50,No,,No,No,no,2,not close,Male,48,No,,No,No,no,2,not close,Female,45,No,,No,No,no,2,not close
320,9i8uasns8df9i27,u4086,4083,4085,4084,4086,4087,4089,2,Male,30,No,,No,No,little,1,not close,Female,40,No,,No,No,no,1,not close,Female,42,No,,No,No,no,2,not close,Male,35,Yes,Alcohol,Yes,Yes,no,1,not close,Male,50,No,,No,No,no,2,not close,Male,33,Yes,Alcohol,No,Yes,little,2,not close
389,vs4cp8x7h7cnx7e,u4087,4084,4084,4086,4088,4089,4090,4,Male,30,No,,Yes,No,no,0,not close,Male,30,No,,Yes,No,no,0,not close,Male,30,No,,Yes,No,no,0,not close,Male,30,No,,Yes,No,no,0,not close,Male,30,No,,Yes,No,no,0,not close,Male,30,No,,Yes,No,no,0,not close
366,ikv6fh3mkdgnqhb,u4088,4001,4255,4256,4100,4101,4102,0,Female,55,No,,No,No,no,1,not close,N/A,,N/A,,N/A,N/A,,,,N/A,,N/A,,N/A,N/A,,,,N/A,,N/A,,N/A,N/A,,,,N/A,,N/A,,N/A,N/A,,,,N/A,,N/A,,N/A,N/A,,,
234,aqhggxwu8mq37hh,u4091,4088,4089,4090,4092,4093,4094,3,Male,0,No,,No,No,no,0,not close,Female,0,No,,No,No,no,0,not close,Male,0,No,,No,No,no,0,not close,Female,0,No,,No,No,no,0,not close,Female,0,No,,No,No,no,0,not close,Male,0,No,,No,No,no,0,not close
392,jtu82m59d76h7cu,u4093,4090,4091,4092,4094,4095,4096,3,Male,4,No,,No,No,no,3,not close,Male,3,No,,No,No,no,0,not close,Female,3,No,,No,No,no,0,not close,Female,0,No,,No,No,no,0,not close,Female,0,No,,No,No,no,0,not close,Female,3,No,,No,No,no,0,not close
240,ffguvy7vqyt8q3q,u4094,4095,4092,4097,4096,4093,4091,2,Female,31,No,,No,No,no,0,not close,Female,30,No,,No,No,no,0,not close,Male,0,No,,No,No,no,0,not close,Male,40,No,,No,No,no,0,not close,Female,35,No,,No,No,no,0,not close,Female,30,No,,No,No,no,0,not close
249,i7hizu8qiq9esp4,u4097,4117,4123,4152,4175,4135,4178,0,N/A,,N/A,,N/A,N/A,,,,N/A,,N/A,,N/A,N/A,,,,N/A,,N/A,,N/A,N/A,,,,N/A,,N/A,,N/A,N/A,,,,N/A,,N/A,,N/A,N/A,,,,N/A,,N/A,,N/A,N/A,,,
352,dgxrxdhdd6srcrg,u4099,4096,4097,4098,4100,4101,4102,1,Female,54,No,,No,No,no,6,not close,Female,1,No,,No,No,no,6,not close,Male,5,No,,No,No,no,6,not close,Female,1,No,,No,No,no,6,not close,Female,1,No,,No,No,no,6,not close,Male,4,No,,No,No,no,6,not close
299,pakk7pi9itf6j4b,u4101,4098,4099,4100,4102,4103,4104,4,Female,20,No,,No,No,no,0,not close,Male,30,No,,No,No,no,0,not close,Male,43,No,,No,No,no,0,not close,Male,31,No,,No,No,no,0,not close,Male,51,No,,No,No,no,0,not close,Male,25,No,,No,No,no,0,not close
406,xbqs3ihm7fhkqmd,u4102,4001,4002,4109,4101,4109,4121,1,Female,45,No,,No,No,no,0,not close,Male,38,No,,No,No,no,0,not close,Male,42,No,,No,No,no,0,not close,Female,42,No,,No,No,no,0,not close,Male,28,No,,No,No,no,0,not close,Male,52,No,,No,No,no,0,not close
371,4n5jvgjgwbvsbnd,u4104,4101,4102,4105,4106,4107,4120,4,Female,40,No,,No,No,no,0,not close,Male,40,No,,No,No,no,0,not close,Male,0,No,,No,No,no,0,not close,Male,28,No,,No,No,no,0,not close,Male,30,No,,No,No,some,2,somewhat close,Female,23,No,,No,No,little,2,not close
409,2rv57b8k68yzekx,u4106,4103,4104,4105,4107,4108,4109,4,Male,20,No,,No,No,no,0,not close,Male,30,No,,No,No,no,5,not close,Male,30,No,,No,No,no,0,not close,Male,30,No,,No,No,no,5,not close,Female,40,No,,No,No,no,5,not close,Male,30,No,,No,No,no,5,not close
335,5w592wtii4rp9sj,u4107,4104,4105,4107,4108,4109,4110,3,Male,0,No,,No,No,no,0,not close,Male,0,No,,No,No,no,0,not close,Male,0,No,,No,No,no,0,not close,Male,0,No,,No,No,no,0,not close,Male,0,No,,No,No,no,0,not close,Male,0,No,,No,No,no,0,not close
393,r8wjrtgk4bcbqm5,u4108,4105,4106,4107,4109,4110,4111,3,Male,0,No,,No,No,no,5,not close,Male,0,No,,No,No,no,5,not close,Male,0,No,,No,No,no,5,not close,Male,0,No,,No,No,no,5,not close,Male,0,No,,No,No,no,5,not close,Female,0,No,,No,No,no,5,not close
334,diuuucwkxvegbau,u4109,4112,4106,4107,4108,4111,4110,4,Male,42,No,,No,Yes,little,3,somewhat close,Male,35,No,,No,No,no,1,not close,Male,32,No,,No,No,little,1,somewhat close,Female,26,No,,No,No,no,6,not close,Female,30,No,,No,No,no,6,not close,Male,999,No,,No,No,no,6,not close
314,tdieaxvh35gbbfr,u4111,4001,4002,4003,4004,4005,4006,0,Female,40,No,,No,No,no,0,not close,Female,40,No,,No,No,no,0,not close,Female,40,No,,No,No,no,0,not close,Female,40,No,,No,No,no,0,not close,Female,40,No,,No,No,no,0,not close,Female,40,No,,No,No,no,0,not close
311,yfp529faunsrq8b,u4112,4113,4115,4110,4109,4114,4111,2,Male,48,No,,No,No,no,0,not close,Male,25,No,,No,No,no,0,not close,Male,69,No,,No,No,no,0,not close,Male,47,No,,No,No,no,0,not close,Male,69,No,,No,No,no,0,not close,Male,69,No,,No,No,no,0,not close
317,bkhf4b6q7vpsk7t,u4114,4111,4112,4113,4114,4115,4116,2,Female,99,No,,No,No,no,88,not close,Male,99,No,,No,No,no,88,not close,Female,99,No,,No,No,no,88,not close,Female,99,No,,No,No,no,88,not close,Female,99,No,,No,No,no,88,not close,Male,99,No,,No,No,no,88,not close
373,suus7kpqaj6w2zy,u4116,4020,4113,4114,4115,4117,4118,3,Female,0,No,,No,No,no,0,not close,Male,50,No,,No,No,no,0,not close,Male,0,No,,No,No,no,0,not close,Female,55,No,,No,No,no,0,not close,Male,35,No,,No,No,no,0,not close,Male,40,No,,No,No,no,0,not close
381,s3x7begvg3cqbz3,u4117,4114,4115,4116,4118,4119,4120,4,Male,26,No,,No,No,no,0,not close,Female,55,No,,No,No,no,0,not close,Female,27,No,,No,No,no,0,not close,Male,5,No,,No,No,no,0,not close,Female,62,No,,No,No,no,0,not close,Female,25,No,,No,No,no,0,not close
252,aemxzt5tiyee2rh,u4118,4115,4116,4117,4119,4120,4121,4,Female,55,No,,No,No,no,0,not close,Female,27,No,,No,No,no,0,not close,Female,0,No,,No,No,no,0,not close,Female,62,No,,No,No,no,6,not close,Female,25,No,,No,No,no,0,not close,Female,35,No,,No,No,no,0,not close
285,2zvpnygnwj5eepd,u4119,4116,4117,4118,4120,4121,4122,4,Female,28,No,,No,No,no,2,not close,Male,40,No,,No,No,no,1,not close,Male,40,No,,No,No,no,2,not close,Female,20,No,,No,No,no,1,not close,Female,0,No,,No,No,no,0,not close,Male,20,No,,No,No,no,1,not close
243,3bgshxmjyind2uq,u4120,4117,4118,4119,4121,4122,4123,5,Male,0,No,,No,No,no,0,not close,Male,0,No,,No,No,no,0,not close,Female,62,No,,No,No,no,0,not close,Male,0,No,,No,No,no,0,not close,Male,0,No,,No,No,no,0,not close,Female,0,No,,No,No,no,0,not close
331,5i3byqxh9g2qdrx,u4122,4119,4120,4121,4122,4123,4124,3,Female,40,No,,No,No,no,0,not close,Female,40,No,,No,No,no,0,not close,N/A,,N/A,,N/A,N/A,,,,N/A,,N/A,,N/A,N/A,,,,N/A,,N/A,,N/A,N/A,,,,N/A,,N/A,,N/A,N/A,,,
273,sazmxjz95tg3czb,u4123,4126,4120,4121,4122,4124,4125,3,Male,0,No,,No,No,no,0,not close,Female,30,No,,No,No,no,0,not close,Male,0,No,,No,No,no,0,not close,Male,0,No,,No,No,no,0,not close,Male,0,No,,No,No,no,0,not close,Male,0,No,,No,No,no,0,not close
284,8cwigk3mcpfdih5,u4125,4122,4123,4124,4126,4127,4128,3,Male,23,No,,No,No,no,2,not close,Female,25,No,,No,No,no,3,not close,Male,33,No,,No,No,no,0,not close,Male,32,No,,No,No,no,0,not close,Male,25,No,,No,No,no,0,not close,Male,35,No,,No,No,no,0,not close
365,hspwz43evsm8avs,u4127,4001,4128,4002,4126,4124,4125,2,Female,35,No,,No,No,no,0,somewhat close,Male,30,No,,No,No,no,0,not close,Male,30,No,,No,No,no,0,not close,Male,30,No,,No,No,no,0,not close,Male,0,No,,No,No,no,0,not close,Male,30,No,,No,No,no,30,not close
356,ymbf6gmn3ezyv9s,u4128,4001,4002,4003,4125,4126,4127,2,Male,21,No,,Yes,No,no,5,not close,Male,32,No,,No,No,no,5,not close,Female,42,No,,No,No,no,5,not close,Male,22,No,,No,No,no,3,not close,Male,26,No,,No,No,no,4,not close,Male,54,No,,No,No,no,2,not close
355,sye8dwpww6utdmc,u4129,4136,4172,4197,4206,4213,4230,2,Male,30,No,,No,No,no,6,not close,Female,30,No,,No,No,no,6,not close,Male,30,No,,No,No,no,6,not close,Male,30,No,,No,No,no,6,not close,Male,30,No,,No,No,no,6,not close,Male,30,No,,No,No,no,6,not close
402,r7z2h77v7gz8xnz,u4130,4131,4145,4153,4167,4199,4255,4,Female,27,No,,No,No,no,0,not close,Female,40,No,,No,No,no,0,not close,Male,37,No,,No,No,no,0,not close,Female,31,No,,No,No,no,0,not close,Male,24,No,,No,No,no,0,not close,Female,34,No,,No,No,no,0,not close
256,hzakamhb7ffimmu,u4131,4130,4162,4177,4184,4241,4244,3,Female,24,No,,No,No,no,0,not close,Male,46,No,,No,No,no,0,not close,Female,40,No,,No,No,no,0,not close,Male,40,No,,No,No,no,0,not close,Female,40,No,,No,No,no,0,not close,Female,40,No,,No,No,no,0,not close
293,vnvwkfbdw8v7ycd,u4135,4149,4184,4205,4220,4243,4246,2,Female,0,No,,No,No,no,0,not close,Male,30,No,,No,No,no,0,not close,Male,35,No,,No,No,no,0,not close,Male,0,No,,No,No,no,0,not close,Female,45,No,,No,No,no,0,not close,Male,55,No,,No,No,no,0,not close
272,2rvg2bxwzxvqshz,u4136,4129,4138,4152,4217,4249,4253,4,Male,48,No,,No,No,no,4,not close,Female,40,No,,No,No,no,4,not close,Male,40,No,,No,No,no,4,not close,Male,35,No,,No,No,no,4,not close,Male,36,No,,No,No,no,4,not close,Male,45,No,,No,No,no,4,not close
303,qyy2kies3jeqksj,u4137,4139,4164,4196,4154,4193,4215,5,Female,36,No,,No,No,no,0,not close,Male,34,No,,No,No,no,0,not close,Female,0,No,,No,No,no,0,not close,Female,0,No,,No,No,no,0,not close,Male,42,No,,No,No,no,0,somewhat close,Male,38,No,,No,No,no,0,somewhat close
301,d529wz4zsqemu2x,u4138,4002,4126,4138,4103,4111,4009,0,Male,40,No,,Yes,No,no,0,not close,Female,30,No,,No,No,no,0,not close,Female,0,No,,No,No,no,0,not close,Male,33,No,,No,No,no,0,not close,Male,0,No,,No,No,no,0,not close,Female,23,No,,No,No,no,0,not close
377,v9arv9hwhnw2eif,u4139,4137,4170,4182,4197,4232,4214,4,Male,40,No,,No,Yes,some,6,somewhat close,Male,30,No,,No,Yes,some,6,somewhat close,Male,45,No,,No,No,some,6,somewhat close,Female,25,No,,No,No,no,6,not close,Male,55,No,,No,No,no,6,not close,Female,65,No,,No,No,no,6,not close
222,dya3diz8tdt5z9h,u4140,4190,4203,4208,4217,4223,4234,5,Female,32,No,,No,No,no,0,not close,Female,29,No,,No,No,no,5,not close,Male,25,No,,No,No,no,5,not close,Male,35,No,,No,No,no,5,not close,Male,28,No,,No,No,no,5,not close,Male,23,No,,No,Yes,no,5,somewhat close
375,mbwv7bggz8azbwm,u4141,4145,4148,4181,4186,4195,4223,4,Female,0,No,,Yes,No,no,5,not close,Female,45,No,,No,Yes,no,5,not close,Female,0,No,,No,No,no,0,not close,Male,0,No,,No,No,no,0,not close,Female,0,No,,No,No,no,0,not close,Male,0,No,,No,No,no,0,not close
407,8iqixd3hiht5fes,u4142,4146,4200,4212,4231,4240,4250,4,Male,0,No,,No,No,no,0,not close,Male,0,No,,No,No,no,0,not close,Male,0,No,,No,No,no,0,not close,Male,0,No,,No,No,no,0,not close,Male,0,No,,No,No,no,0,not close,Female,0,No,,No,No,no,0,not close
360,dudp2jhm8cx67iu,u4143,4178,4211,4244,4196,4221,4248,2,Male,0,No,,No,No,no,0,not close,Female,50,No,,No,No,no,0,not close,Female,0,No,,No,No,no,0,not close,Male,0,No,,No,No,no,0,not close,Female,0,No,,No,No,no,0,not close,Male,0,No,,No,No,no,0,not close
247,zizvi72jvz48n78,u4145,4130,4141,4161,4204,4244,4251,3,Female,30,No,,No,No,no,6,not close,Female,30,No,,No,No,no,6,not close,Male,30,No,,No,No,no,6,not close,Female,30,No,,No,No,no,6,not close,Female,30,No,,No,No,no,6,not close,Male,30,No,,No,No,no,6,not close
336,hq9hywfn4ig49vc,u4147,4155,4133,4205,4209,4211,4254,3,Male,0,No,,No,No,no,0,not close,Male,0,No,,No,No,no,0,not close,Female,0,No,,No,No,no,0,not close,Male,0,No,,No,No,no,0,not close,Male,0,No,,No,No,no,0,not close,Male,0,No,,No,No,no,0,not close
376,8yi2agbrd3c6wqj,u4148,4141,4146,4169,4169,4200,4252,3,Female,9,No,,No,No,no,0,not close,Male,1,No,,No,No,no,0,not close,Male,3,No,,No,No,no,0,not close,Male,3,No,,No,No,no,2,not close,Male,0,No,,No,No,no,2,not close,Male,0,No,,No,No,no,0,not close
350,mipjfz8x4zcd4km,u4150,4001,4002,4003,4004,4005,4006,0,Male,55,No,,No,No,no,5,not close,Female,56,No,,No,No,no,5,not close,Male,52,No,,No,No,no,5,not close,Male,55,No,,No,No,no,5,not close,Female,55,No,,No,No,no,5,not close,Female,45,No,,No,No,no,5,not close
253,8dm4xafrf7c4gkr,u4151,4155,4170,4173,4223,4244,4249,4,Male,0,No,,No,No,no,0,not close,Male,0,No,,No,No,no,0,not close,Female,0,No,,No,No,no,0,not close,Female,0,No,,No,No,no,0,not close,Female,0,No,,No,No,no,0,not close,Female,0,No,,No,No,no,0,not close
410,ixzd6dybcppnkju,u4152,4136,4149,4193,4230,4254,4166,4,Male,39,No,,No,No,no,0,not close,Female,28,No,,No,No,no,4,not close,Male,52,No,,No,No,no,4,not close,Male,44,No,,No,No,no,4,not close,Female,35,No,,No,No,no,5,not close,Female,37,No,,No,No,no,5,not close
258,y5d2u63hue2gx78,u4153,4130,4165,4163,4156,4193,4169,5,Female,25,No,,No,No,no,5,not close,Male,50,No,,No,No,no,5,not close,Female,21,No,,No,No,no,5,not close,Male,30,No,,No,No,no,5,not close,Male,60,No,,No,No,no,5,not close,Male,55,No,,No,No,no,5,not close
248,9pnm6rffk868sk5,u4154,4137,4158,4179,4187,4210,4247,2,Male,40,No,,No,No,no,5,not close,Male,30,No,,No,No,no,5,not close,Male,50,No,,No,No,no,5,not close,Male,50,No,,No,No,no,5,not close,Female,50,No,,No,No,no,5,not close,Male,40,No,,No,No,no,5,not close
338,xmvqcfchsp99v4m,u4155,4147,4151,4153,4180,4203,4216,3,Male,30,No,,No,No,no,0,not close,Male,50,No,,No,No,no,0,very close,Male,30,No,,No,No,no,0,not close,Male,30,No,,No,No,no,0,not close,Male,30,No,,No,No,no,0,not close,Male,30,No,,No,No,no,0,not close
343,u4g8rhn3ghzx7ae,u4156,4153,4173,4175,4198,4227,4232,2,Female,35,No,,No,No,no,4,not close,Male,30,No,,No,No,no,5,not close,Male,33,No,,No,No,no,5,not close,Male,25,No,,No,No,no,5,not close,Male,40,No,,No,No,no,5,not close,Male,40,No,,No,No,no,5,not close
294,knmzgfj49mzisip,u4157,4146,4212,4236,4180,4231,4242,4,Female,0,No,,No,No,no,0,not close,Male,8,No,,No,No,no,0,not close,Female,0,No,,No,No,no,0,not close,Male,0,No,,No,No,no,0,not close,Male,0,No,,No,No,no,0,not close,Male,0,No,,No,No,no,0,not close
391,2xkmwh8axbb9dnf,u4162,4183,4131,4144,4214,4196,4226,2,Female,30,No,,No,No,no,5,not close,Female,35,No,,No,No,no,5,not close,Female,33,No,,No,No,no,5,not close,Male,45,No,,No,No,no,3,not close,Male,41,No,,No,No,no,4,not close,Female,26,No,,No,No,no,5,not close
279,t7cga2ht9bk8pra,u4163,4174,4153,4176,4195,4207,4222,4,Male,42,No,,No,No,no,1,somewhat close,Female,46,No,,No,No,no,0,not close,Male,33,No,,No,No,no,0,not close,Male,33,No,,No,No,no,0,not close,Male,33,No,,No,No,no,0,not close,Male,51,No,,No,No,no,0,not close
257,4r8q8mkxvn7g5gm,u4164,4137,4245,4237,4159,4166,4243,5,Male,30,No,,No,No,little,6,somewhat close,Male,50,No,,No,No,little,6,not close,Male,45,No,,No,No,some,5,somewhat close,Female,36,No,,No,No,no,5,not close,Female,30,No,,No,No,no,4,not close,Female,38,No,,No,No,no,5,not close
312,w8spy9ksrs9jy8q,u4165,4132,4180,4192,4146,4181,4203,3,Male,32,No,,No,No,no,6,not close,Male,29,No,,No,No,no,6,not close,Female,25,No,,No,No,no,6,not close,Male,50,No,,No,No,no,6,not close,Male,50,No,,No,No,no,6,not close,Female,28,No,,No,No,no,6,not close
401,ebamfmmbtmp3hmf,u4166,4152,4164,4169,4181,4182,4217,5,Female,52,No,,No,No,no,0,not close,Male,40,No,,No,No,no,2,not close,Male,52,No,,No,No,no,3,not close,Male,25,No,,No,No,no,0,not close,Male,42,No,,No,No,lot,1,not close,Male,45,No,,No,No,no,2,not close
280,jnnvga7q3h3h79u,u4167,4002,4003,4004,4005,4006,4007,0,Male,32,Yes,Cravk,No,No,no,1,not close,Male,54,No,,No,No,no,1,not close,Female,35,No,,No,No,no,1,not close,Male,21,No,,No,No,no,1,not close,Female,43,No,,No,No,no,1,not close,Female,43,No,,No,No,no,1,not close
254,h7pjpwgu2jxitd4,u4168,4134,4138,4158,4189,4200,4225,1,Male,23,No,,No,No,little,0,not close,Male,47,No,,No,No,no,0,not close,Female,22,No,,No,No,no,0,not close,Male,36,No,,No,No,no,0,not close,Female,51,No,,No,No,no,0,not close,Male,42,No,,No,No,no,0,not close
230,vptk6x38tjzc726,u4169,4148,4153,4158,4166,4191,4211,3,Female,30,No,,No,No,no,0,not close,Female,45,No,,No,No,no,0,not close,Female,45,No,,No,No,no,0,not close,Female,54,No,,No,No,no,0,not close,Female,30,No,,No,No,no,0,not close,Female,30,No,,No,No,no,0,not close
306,2xg9zubgxsstyxa,u4170,4143,4139,4151,4179,4187,4251,4,Female,0,No,,No,No,no,6,not close,Female,40,No,,No,No,no,6,not close,Female,50,No,,No,No,no,0,not close,Male,0,No,,No,No,no,6,not close,Female,0,No,,No,No,no,6,not close,Male,0,No,,No,No,no,6,not close
224,xqdfw4pq4mbraki,u4171,4158,4189,4191,4192,4235,4250,2,Female,99,No,,No,No,no,99,not close,Female,99,No,,No,No,no,99,not close,Female,99,No,,No,No,no,99,not close,Female,99,No,,No,No,no,99,not close,Female,99,No,,No,No,no,99,not close,Female,99,No,,No,No,no,99,not close
394,j855srh6r3njcnh,u4172,4129,4195,4204,4222,4245,4247,4,Male,33,No,,No,No,no,2,not close,Male,27,No,,No,No,no,1,not close,Female,29,No,,No,No,no,0,not close,Male,40,No,,No,No,no,1,not close,Male,51,No,,No,No,no,0,not close,Male,37,No,,No,No,no,0,not close
271,37djvik7x7r7f9z,u4174,4150,4163,4199,4201,4203,4247,4,Female,0,Yes,ETOH,Yes,No,no,0,not close,Male,0,No,,No,No,no,0,not close,Female,0,No,,No,No,no,0,not close,Female,0,No,,No,No,no,0,not close,Female,0,No,,No,No,no,0,not close,Male,0,No,,No,No,no,0,not close
323,j8e8uej2shv64av,u4175,4146,4202,4251,4149,4188,4213,2,Female,35,No,,No,No,no,10,not close,Female,40,No,,No,No,no,10,not close,Female,25,No,,No,No,no,5,not close,Female,50,No,,No,No,no,25,not close,Female,25,No,,No,No,no,2,not close,Female,35,No,,No,No,no,25,not close
354,sqt6gjd89hyyxsg,u4176,4163,4219,4229,4233,4241,4249,2,Male,10,No,,No,No,no,0,not close,Female,0,No,,No,No,no,0,not close,Female,15,No,,No,No,no,1,not close,Female,0,No,,No,No,no,0,not close,Female,0,No,,No,No,no,0,not close,Male,0,No,,No,No,no,0,not close
313,xkgy5wwpi4k93j6,u4177,4131,4202,4146,4185,4147,4127,2,Female,25,No,,No,No,little,6,not close,Female,35,No,,No,No,no,5,not close,Male,44,No,,No,No,no,25,not close,Female,56,No,,No,No,no,4,not close,Female,8,No,,No,No,no,4,not close,Female,6,No,,No,No,no,3,not close
403,x232h2iyffty74d,u4178,4170,4224,4216,4182,4232,4143,3,Male,24,No,,No,Yes,little,4,not close,Female,34,No,,No,No,no,4,not close,Male,40,No,,No,No,no,5,not close,Male,56,No,,No,No,no,5,not close,Male,43,No,,No,No,no,4,not close,Male,22,No,,No,No,no,5,not close
318,yrmefzd8b25bqg7,u4180,4165,4157,4235,4155,4193,4232,6,Male,45,No,,No,No,no,0,not close,Female,57,No,,No,No,no,0,not close,Female,54,No,,No,No,no,0,not close,Male,45,No,,No,No,no,0,not close,Female,45,No,,No,No,no,0,not close,Male,58,No,,No,No,no,0,not close
304,9nsd3urmygj9vky,u4181,4141,4165,4166,4228,4230,4236,6,Male,0,No,,No,No,no,0,not close,Male,0,No,,No,No,no,0,not close,Male,0,No,,No,No,no,0,not close,Male,0,No,,No,No,no,0,not close,Male,0,No,,No,No,no,0,not close,Male,0,No,,No,No,no,0,not close
282,n6bbnhw3juv4jxn,u4182,4139,4183,4193,4200,4223,4235,5,Female,40,No,,No,No,little,1,somewhat close,Female,0,No,,No,No,no,1,not close,Male,1,No,,No,No,no,1,not close,Male,1,No,,No,No,no,1,not close,Female,1,No,,No,No,no,1,not close,Male,1,No,,No,No,no,1,not close
267,p9zhgbfduwk9c6s,u4183,4162,4182,4245,4246,4225,4245,5,Male,40,Yes,alcohol,No,Yes,no,6,not close,N/A,,N/A,,N/A,N/A,,,,N/A,,N/A,,N/A,N/A,,,,N/A,,N/A,,N/A,N/A,,,,N/A,,N/A,,N/A,N/A,,,,N/A,,N/A,,N/A,N/A,,,
345,taur9xwvsrywwgi,u4187,4154,4170,4204,4229,4238,4242,5,Female,30,No,,No,No,no,0,not close,Male,26,No,,No,No,no,0,not close,Female,28,No,,No,No,no,0,not close,Female,45,No,,No,No,no,0,not close,Male,54,No,,No,No,no,0,not close,Male,23,No,,No,No,no,0,not close
322,3i2tqb4xag2qcn7,u4188,4205,4175,4214,4220,4253,4254,3,Female,35,No,,No,No,no,0,not close,Male,30,No,,No,No,no,0,not close,Female,40,No,,No,No,no,0,not close,Female,37,No,,No,No,no,0,not close,Male,47,No,,No,No,no,0,not close,Female,55,No,,No,No,no,0,not close
270,cyfcjf7vzv7bje9,u4190,4134,4140,4216,4224,4245,4256,3,Female,25,No,,No,No,no,1,not close,Female,29,Yes,"Alcohol, cigarettes",Yes,No,no,0,not close,Male,60,No,,No,No,no,0,not close,Female,30,No,,No,No,no,0,not close,Male,37,No,,No,No,no,5,not close,Female,25,No,,No,No,no,5,not close
307,nnaysrz5ruu3cxp,u4193,4137,4182,4235,4153,4180,4182,6,Male,40,No,,No,No,little,5,somewhat close,Male,40,No,,No,No,little,5,somewhat close,Female,46,No,,No,No,no,5,not close,Female,35,No,,No,No,no,5,not close,Male,35,No,,No,No,no,5,not close,Male,40,No,,No,No,little,5,not close
261,tq3fhsgg6u9pyud,u4194,4189,4221,4209,4159,4173,4167,3,Female,23,No,,No,No,no,1,not close,Female,21,No,,No,No,no,1,not close,Male,0,No,,No,No,no,1,not close,Male,21,No,,No,No,no,1,not close,Male,21,No,,No,No,no,1,not close,Male,21,No,,No,No,no,1,not close
404,z7pbc8rbx68xph4,u4196,4001,4001,4001,4001,4001,4001,0,Female,1,No,,No,No,no,1,not close,Female,1,No,,No,No,no,1,not close,Female,1,No,,No,No,no,1,not close,Female,1,No,,No,No,no,1,not close,Female,1,No,,No,No,no,1,not close,Female,1,No,,No,No,no,1,not close
259,b52bze8i8zvu57y,u4199,4130,4167,4174,4185,4225,4227,3,Female,20,No,,No,No,no,0,not close,Male,25,No,,No,No,no,0,not close,Male,40,No,,No,No,no,0,not close,Female,30,No,,No,No,no,0,not close,Male,30,No,,No,No,no,0,not close,Male,30,No,,No,No,no,0,not close
386,ice4g7skjbejtns,u4200,4142,4148,4168,4182,4219,4236,5,Male,23,No,,No,No,no,0,not close,Female,30,No,,No,No,no,0,not close,Male,35,No,,No,No,no,0,not close,Male,50,No,,No,No,no,0,not close,Male,43,No,,No,No,no,0,not close,Female,27,No,,No,No,no,0,not close
417,scbvjiv9j42sjpn,u4201,4016,4018,4015,4222,4101,4025,0,Male,1,No,,No,No,no,1,not close,Female,1,No,,No,No,no,1,not close,Male,1,No,,No,No,no,1,not close,Female,1,No,,No,No,no,1,not close,Male,1,No,,No,No,no,1,not close,Female,1,No,,No,No,no,1,not close
413,6d6s7k5mux5gss8,u4203,4140,4155,4159,4165,4174,4234,6,Female,4,No,,No,No,no,0,not close,Male,3,No,,No,No,no,0,not close,Male,0,No,,No,No,no,0,not close,Male,0,No,,No,No,no,0,not close,Male,2,No,,No,No,no,5,somewhat close,Male,1,No,,No,No,no,0,not close
255,eb2rmg5rrg4q9w7,u4204,4205,4205,4205,4205,4205,4205,0,Female,37,No,,No,No,no,0,not close,Female,37,No,,No,No,no,0,not close,Female,37,No,,No,No,no,0,not close,Female,37,No,,No,No,no,0,not close,Female,37,No,,No,No,no,0,not close,Female,37,No,,No,No,no,0,not close
333,kh5uym6ihxtt2fr,u4207,4019,4012,4013,4014,4015,4016,0,Female,45,No,,No,No,no,0,not close,Male,34,No,,No,No,no,3,not close,Male,2,No,,No,No,no,2,not close,Male,34,Yes,Weed,No,No,no,3,not close,Male,55,No,,No,No,no,3,not close,Male,55,No,,No,No,no,33,not close
380,jkzmpy7xniz5d5y,u4209,4221,4229,4132,4147,4194,4217,5,Female,30,No,,No,No,no,1,not close,Female,55,No,,No,No,no,0,not close,Male,40,No,,No,No,no,0,not close,Female,0,No,,No,No,no,0,not close,Male,0,No,,No,No,no,0,not close,Male,53,No,,No,No,no,0,not close
367,gfj24yznuix7bjz,u4210,4001,4002,4002,4003,4004,4005,0,Female,1,No,,No,No,no,1,not close,Female,1,No,,No,No,no,5,not close,Female,21,No,,No,No,no,5,not close,Female,21,No,,No,No,no,5,not close,Female,21,No,,No,No,no,5,not close,Female,21,No,,No,No,no,6,not close
374,iaksftt2n86qk49,u4212,4142,4157,4179,4208,4215,4236,4,Male,30,No,,No,No,no,0,not close,Female,40,No,,No,No,no,0,not close,Male,40,No,,No,No,no,0,not close,Male,30,No,,No,No,no,0,not close,Male,35,No,,No,No,no,0,not close,Male,30,No,,No,No,no,0,not close
419,i6dwnuxcuu8pr68,u4215,4137,4195,4197,4212,4237,4241,3,Male,45,No,,No,Yes,no,1,somewhat close,Female,30,No,,No,No,no,0,not close,Female,35,No,,No,No,no,0,not close,Male,45,No,,No,No,no,1,not close,Male,40,No,,No,Yes,no,1,somewhat close,Female,35,No,,No,No,no,0,not close
340,mtigeurcbp66nrm,u4216,4229,4229,4229,4229,4223,4228,1,Female,50,No,,No,No,no,0,not close,Female,50,No,,No,No,no,1,not close,Female,50,No,,No,No,no,1,not close,Female,50,No,,No,No,no,1,not close,Female,45,No,,No,No,no,1,not close,Male,45,No,,No,No,no,1,not close
390,2pwk6ttzrn5mvea,u4217,4136,4140,4161,4166,4209,4241,4,Female,20,No,,No,No,no,0,not close,Female,25,No,,No,No,some,0,somewhat close,Male,40,No,,No,No,no,0,not close,Female,25,No,,No,No,no,0,not close,Male,20,No,,No,No,no,0,not close,Female,30,No,,No,No,no,0,not close
337,4gcgb4xu3zmpe7u,u4220,4135,4173,4188,4191,4225,4233,2,Female,0,No,,No,No,no,0,not close,Female,0,No,,No,No,no,0,not close,Female,0,No,,No,No,no,0,not close,Female,0,No,,No,No,no,0,not close,Female,0,No,,No,No,no,0,not close,Female,0,No,,No,No,no,0,not close
414,p5rgmz22wz6jy7e,u4221,4132,4143,4144,4209,4194,4211,3,Male,45,No,,No,No,no,0,not close,Female,40,Yes,alcohol,Yes,No,no,0,not close,Female,36,Yes,alcohol opiates,Yes,No,no,0,not close,Male,37,No,,No,No,no,0,somewhat close,Male,55,Yes,drugs and or alcohol,Yes,No,no,0,not close,Female,30,Yes,dont know,Yes,No,no,0,not close
395,x379kscpjfe8qns,u4222,4163,4167,4172,4189,4193,4249,3,Male,42,No,,No,No,no,5,not close,Male,40,No,,No,No,no,5,not close,Male,45,No,,No,No,no,5,not close,Male,50,No,,No,No,no,5,not close,Male,50,No,,No,No,no,5,not close,Male,55,No,,No,No,no,5,not close
370,4f9yraevczeaxzf,u4223,4140,4141,4151,4182,4224,4251,6,Female,30,No,,No,No,no,6,not close,Female,32,No,,No,No,no,5,not close,Female,35,No,,No,No,no,6,not close,Male,40,No,,No,No,no,6,not close,Female,33,No,,No,No,no,5,not close,Male,44,No,,No,No,no,5,not close
305,ziusyjrdjv8y7bd,u4224,4178,4190,4223,4228,4231,4239,4,Male,25,No,,No,No,no,0,not close,Female,40,No,,No,No,no,0,not close,Male,25,No,,No,No,no,0,not close,Male,50,No,,No,No,no,0,not close,Male,30,No,,No,No,no,0,not close,Female,45,No,,No,No,no,0,not close
286,jsjqiyxwnk28jet,u4228,4181,4195,4229,4224,4235,4237,5,Male,0,No,,No,No,no,0,not close,Male,0,No,,No,No,no,0,not close,Female,28,No,,No,No,no,3,somewhat close,Female,43,No,,No,No,some,4,somewhat close,Female,44,No,,No,No,some,4,somewhat close,Male,45,No,,No,No,little,3,not close
388,ewegnk77z4rqy8w,u4229,4228,4209,4238,4187,4216,4176,6,Male,55,No,,No,No,no,3,not close,Male,30,Yes,alcohol,No,No,no,0,not close,Male,58,No,,No,No,no,3,not close,Female,35,No,,No,No,no,0,not close,Male,59,No,,No,No,no,2,not close,Male,0,No,,No,No,no,0,not close
263,jzze2xiynbyw4hx,u4230,4192,4152,4181,4185,4235,4250,5,Male,23,No,,No,No,no,0,not close,Male,21,No,,No,No,no,0,not close,Female,24,No,,No,No,no,0,not close,Female,25,No,,No,No,no,0,not close,Female,26,No,,No,No,no,0,not close,Female,27,No,,No,No,no,0,not close
236,aav3kxdhhi9fr6y,u4231,3001,3002,3003,3004,3005,3006,0,Male,50,No,,No,No,no,7,not close,N/A,,N/A,,N/A,N/A,,,,N/A,,N/A,,N/A,N/A,,,,N/A,,N/A,,N/A,N/A,,,,N/A,,N/A,,N/A,N/A,,,,N/A,,N/A,,N/A,N/A,,,
416,idn27xmk42q3fp2,u4232,4139,4156,4178,4180,4182,4193,4,Female,40,No,,No,No,no,0,not close,Female,30,No,,No,No,no,0,not close,Male,35,No,,No,No,no,0,not close,Male,35,No,,No,No,no,0,not close,Male,45,No,,No,No,no,0,not close,Male,65,No,,No,No,no,0,not close
339,ish42zejwvzjm5g,u4234,4140,4149,4173,4182,4184,4203,2,Female,25,Yes,alcohol,No,No,no,5,not close,Female,0,No,,No,No,no,5,not close,Female,0,No,,No,No,no,5,not close,Male,0,No,,No,No,no,5,not close,Male,0,No,,No,No,no,0,not close,Female,0,No,,No,No,no,5,not close
264,jjpazna5avb9shp,u4235,4171,4177,4180,4193,4228,4230,5,Female,40,No,,No,No,no,0,not close,Female,40,No,,No,No,no,0,not close,Female,40,No,,No,No,no,0,not close,Female,40,No,,No,No,no,0,not close,Female,40,No,,No,No,no,0,not close,Female,40,No,,No,No,no,0,not close
357,zir8i9rj2q8wbf4,u4236,4200,4212,4157,4227,4181,null,4,Male,48,No,,No,No,no,15,somewhat close,Female,36,No,,No,No,little,15,somewhat close,Female,38,No,,No,No,little,15,somewhat close,Female,42,No,,No,No,little,15,somewhat close,Male,52,No,,No,No,no,15,somewhat close,Male,50,No,,No,No,no,20,somewhat close
342,wnn4q56e38nx2hi,u4237,4164,4185,4186,4215,4228,4244,3,Male,40,No,,No,No,no,0,not close,Female,30,No,,No,No,no,0,not close,Male,30,No,,No,No,no,0,not close,Male,50,No,,No,No,no,0,not close,Male,50,No,,No,No,no,0,not close,Female,40,No,,No,No,no,0,not close
418,4g35f27by72f36f,u4238,4184,4187,4218,4229,4247,4252,2,Male,100,No,,No,No,no,5,not close,Female,0,No,,No,No,no,5,not close,Female,0,No,,No,No,no,5,not close,Female,40,Yes,Alcohol,No,No,no,5,not close,Male,0,No,,No,No,no,5,not close,Male,0,No,,No,No,no,5,not close
412,b3pbxefwvbwz9d8,u4239,4001,4026,4125,4255,4155,4175,0,Female,40,No,,No,No,no,0,not close,Female,25,No,,No,No,no,0,not close,Female,45,No,,No,No,no,0,not close,Female,35,No,,No,No,no,0,not close,Female,27,No,,No,No,no,0,not close,Female,37,No,,No,No,no,0,not close
246,ury8ayy562nghjj,u4240,4138,4142,4191,4219,4245,4246,3,Female,48,No,,No,No,no,5,not close,Female,18,No,,No,No,no,0,not close,Female,18,No,,No,No,no,0,not close,Male,18,No,,No,No,no,0,not close,Male,50,No,,No,No,no,0,not close,Female,45,No,,No,No,no,0,not close
359,q25sqifc9mib6g8,u4242,4133,4157,4159,4177,4187,4206,3,Male,30,No,,No,No,no,5,not close,Female,33,No,,No,No,no,5,not close,Male,32,No,,No,No,no,5,not close,Male,42,No,,No,No,no,5,not close,Male,41,No,,No,No,no,5,not close,Female,44,No,,No,No,no,5,not close
260,fw486rcaaasywnz,u4245,4164,4172,4183,4190,4201,4240,5,Male,38,No,,No,Yes,no,1,not close,Male,50,No,,No,No,no,1,not close,Female,30,No,,No,Yes,no,1,not close,Female,38,No,,No,No,no,1,not close,Male,35,No,,No,No,no,1,not close,Male,35,No,,No,No,no,1,not close
300,risfti5sbmiga6m,u4246,4135,4138,4161,4183,4231,4240,3,Male,45,No,,No,No,no,10,not close,Female,35,No,,No,No,no,10,somewhat close,Male,60,Yes,Alcohol,No,No,no,10,somewhat close,Female,27,Yes,Marijuana,No,No,no,10,somewhat close,Male,48,Yes,Cocaine,No,No,no,10,not close,Male,45,No,,No,No,no,10,not close
291,u9uvuie33zp4bta,u4247,4174,4172,4253,4207,4247,4007,2,Male,56,No,,No,No,no,1,not close,Male,40,No,,No,No,no,1,not close,Male,55,No,,No,No,no,1,not close,Male,50,No,,No,No,no,1,not close,Male,55,No,,No,No,no,1,not close,Male,45,No,,No,No,no,1,not close
290,u2xhz8fhpx6dj2u,u4249,4136,4151,4218,4222,4239,4254,4,Male,30,No,,No,No,no,5,not close,Female,30,No,,No,No,no,5,not close,Male,30,No,,No,No,no,5,not close,Male,40,No,,No,No,no,5,not close,Female,35,No,,No,No,no,5,not close,Female,40,No,,No,No,no,5,not close
348,vxdkvztu5fuuzt7,u4250,4132,4150,4224,4230,4142,4171,3,Male,40,No,,No,No,no,0,not close,Female,50,No,,No,No,no,0,not close,Female,35,No,,No,No,no,0,not close,Male,40,No,,No,No,no,0,not close,Male,0,No,,No,No,no,0,not close,Female,30,No,,No,No,no,0,not close
326,gwvr5unzinzmesg,u4251,4133,4145,4170,4175,4201,4223,4,Male,38,No,,No,No,no,2,not close,Female,38,No,,No,No,no,3,not close,Male,24,Yes,marijuana,Yes,No,no,2,not close,Female,38,No,,No,No,no,2,not close,Female,30,No,,No,No,no,2,not close,Female,28,No,,No,No,no,2,not close
330,mqm8qhsrj6mms92,u4253,4253,4253,4253,4253,4253,4253,0,Male,39,No,,No,No,no,0,not close,Male,39,No,,No,No,no,0,not close,Male,39,No,,No,No,no,0,not close,Male,39,No,,No,No,no,0,not close,Male,39,No,,No,No,no,0,not close,Male,39,No,,No,No,no,0,not close
329,zumz56spz79sznh,u4254,4147,4152,4167,4188,4210,4249,4,Male,40,No,,Yes,No,no,0,not close,Female,40,No,,Yes,No,no,0,not close,Male,40,No,,Yes,No,no,0,not close,Female,40,No,,No,No,no,0,not close,Female,40,No,,No,No,no,0,not close,Female,40,No,,No,No,no,0,not close
415,qgq3zdwp63f6cks,u4256,4001,4020,4031,4033,4200,4210,0,Female,34,Yes,alcohol,Yes,No,no,0,not close,Male,45,No,,No,No,no,0,not close,Female,47,No,,No,No,no,0,not close,Female,50,Yes,alcohol,No,No,no,0,not close,Female,35,No,,No,No,no,0,not close,Male,38,Yes,alcohol,Yes,No,no,0,not close
