Response ID,Token,username,"Please enter the four numbers to the right of the ""u"" under the profile pictures of your Recovery Buddies (the Recovery Buddies who are in your Interactome social network and listed on the left side of your home page). [1. Â  Â  Â  Â Â  u]","Please enter the four numbers to the right of the ""u"" under the profile pictures of your Recovery Buddies (the Recovery Buddies who are in your Interactome social network and listed on the left side of your home page). [2. Â  Â  Â  Â Â  u]","Please enter the four numbers to the right of the ""u"" under the profile pictures of your Recovery Buddies (the Recovery Buddies who are in your Interactome social network and listed on the left side of your home page). [3. Â  Â  Â  Â Â  u]","Please enter the four numbers to the right of the ""u"" under the profile pictures of your Recovery Buddies (the Recovery Buddies who are in your Interactome social network and listed on the left side of your home page). [4. Â  Â  Â  Â Â  u]","Please enter the four numbers to the right of the ""u"" under the profile pictures of your Recovery Buddies (the Recovery Buddies who are in your Interactome social network and listed on the left side of your home page). [5. Â  Â  Â  Â Â  u]","Please enter the four numbers to the right of the ""u"" under the profile pictures of your Recovery Buddies (the Recovery Buddies who are in your Interactome social network and listed on the left side of your home page). [6. Â  Â  Â  Â Â  u]",What sex is u{Name_name1}?,How old is u{Name_name1}?,"To your knowledge, does u{Name_name1} use any substances such as alcohol, beer, marijuana, or other substances?",What substance/substances does u{Name_name1} use?,Is u{Name_name1} a daily substance user?,"Has u{Name_name1} ever offered, suggested, or asked you to use any substances?",Has u{Name_name1} ever suggested that you not use or reduce your use of any substances?Â ,"During the past 30 days, did u{Name_name1} provide you with support such as: help with transportation, school, financial assistance, talking through problems, or encourage you to participate in sports/exercise, school teams or clubs, volunteering, or church activities?","During the past 30 days were you involved with u{Name_name1} in alcohol, or drug use, illegal activities, violence, or high-risk sexual activity (sex with no condom, sex with a person with HIV/AIDS or of unknown HIV status)?",What were you involved in with u{Name_name1}?,How many people in your network does u{Name_name1} know?,How close to you feel to u{Name_name1}?,What sex is u{Name_name2}?,How old is u{Name_name2}?,"To your knowledge, does u{Name_name2} use any substances such as alcohol, beer, marijuana, or other substances?",What substance/substances does u{Name_name2} use?,Is u{Name_name2} a daily substance user?,"Has u{Name_name2} ever offered, suggested, or asked you to use any substances?",Has u{Name_name2} ever suggested that you not use or reduce your use of any substances?Â ,"During the past 30 days, did u{Name_name2} provide you with support such as: help with transportation, school, financial assistance, talking through problems, or encourage you to participate in sports/exercise, school teams or clubs, volunteering, or church activities?","During the past 30 days were you involved with u{Name_name2} in alcohol, or drug use, illegal activities, violence, or high-risk sexual activity (sex with no condom, sex with a person with HIV/AIDS or of unknown HIV status)?",What were you involved in with u{Name_name2}?,How many people in your network does u{Name_name2} know?,How close to you feel to u{Name_name2}?,What sex is u{Name_name3}?,How old is u{Name_name3}?,"To your knowledge, does u{Name_name3} use any substances such as alcohol, beer, marijuana, or other substances?",What substance/substances does u{Name_name3} use?,Is u{Name_name3} a daily substance user?,"Has u{Name_name3} ever offered, suggested, or asked you to use any substances?",Has u{Name_name3} ever suggested that you not use or reduce your use of any substances?Â ,"During the past 30 days, did u{Name_name3} provide you with support such as: help with transportation, school, financial assistance, talking through problems, or encourage you to participate in sports/exercise, school teams or clubs, volunteering, or church activities?","During the past 30 days were you involved with u{Name_name3} in alcohol, or drug use, illegal activities, violence, or high-risk sexual activity (sex with no condom, sex with a person with HIV/AIDS or of unknown HIV status)?",What were you involved in with u{Name_name3}?,How many people in your network does u{Name_name3} know?,How close to you feel to u{Name_name3}?,What sex is u{Name_name4}?,How old is u{Name_name4}?,"To your knowledge, does u{Name_name4} use any substances such as alcohol, beer, marijuana, or other substances?",What substance/substances does u{Name_name4} use?,Is u{Name_name4} a daily substance user?,"Has u{Name_name4} ever offered, suggested, or asked you to use any substances?",Has u{Name_name4} ever suggested that you not use or reduce your use of any substances?Â ,"During the past 30 days, did u{Name_name4} provide you with support such as: help with transportation, school, financial assistance, talking through problems, or encourage you to participate in sports/exercise, school teams or clubs, volunteering, or church activities?","During the past 30 days were you involved with u{Name_name4} in alcohol, or drug use, illegal activities, violence, or high-risk sexual activity (sex with no condom, sex with a person with HIV/AIDS or of unknown HIV status)?",What were you involved in with u{Name_name4}?,How many people in your network does u{Name_name4} know?,How close to you feel to u{Name_name4}?,What sex is u{Name_name5}?,How old is u{Name_name5}?,"To your knowledge, does u{Name_name5} use any substances such as alcohol, beer, marijuana, or other substances?",What substance/substances does u{Name_name5} use?,Is u{Name_name5} a daily substance user?,"Has u{Name_name5} ever offered, suggested, or asked you to use any substances?",Has u{Name_name5} ever suggested that you not use or reduce your use of any substances?Â ,"During the past 30 days, did u{Name_name5} provide you with support such as: help with transportation, school, financial assistance, talking through problems, or encourage you to participate in sports/exercise, school teams or clubs, volunteering, or church activities?","During the past 30 days were you involved with u{Name_name5} in alcohol, or drug use, illegal activities, violence, or high-risk sexual activity (sex with no condom, sex with a person with HIV/AIDS or of unknown HIV status)?",What were you involved in with u{Name_name5}?,How many people in your network does u{Name_name5} know?,How close to you feel to u{Name_name5}?,What sex is u{Name_name6}?,How old is u{Name_name6}?,"To your knowledge, does u{Name_name6} use any substances such as alcohol, beer, marijuana, or other substances?",What substance/substances does u{Name_name6} use?,Is u{Name_name6} a daily substance user?,"Has u{Name_name6} ever offered, suggested, or asked you to use any substances?",Has u{Name_name6} ever suggested that you not use or reduce your use of any substances?Â ,"During the past 30 days, did u{Name_name6} provide you with support such as: help with transportation, school, financial assistance, talking through problems, or encourage you to participate in sports/exercise, school teams or clubs, volunteering, or church activities?","During the past 30 days were you involved with u{Name_name6} in alcohol, or drug use, illegal activities, violence, or high-risk sexual activity (sex with no condom, sex with a person with HIV/AIDS or of unknown HIV status)?",What were you involved in with u{Name_name6}?,How many people in your network does u{Name_name6} know?,How close to you feel to u{Name_name6}?
309,k3b663ghb58uqv3,u4001,4002,4003,4004,4126,4127,4128,Male,0,No,,No,No,No,no,No,,0,not close,Male,0,No,,No,No,No,no,No,,0,not close,Female,0,No,,No,No,No,no,No,,0,not close,Female,0,No,,No,No,No,no,No,,0,not close,Female,0,No,,No,No,No,no,No,,0,not close,Male,0,No,,No,No,No,no,No,,0,not close
275,tx9bmddc32si97b,u4004,4001,4002,4003,4005,4006,4007,Male,46,No,,No,No,No,no,No,,3,not close,Male,23,No,,No,No,No,no,No,,2,not close,Male,34,No,,No,No,No,no,No,,4,not close,Male,45,No,,No,No,No,no,No,,1,not close,Male,32,No,,No,No,No,no,No,,5,not close,Female,18,No,,No,No,No,no,No,,2,not close
265,66mj75vy8v3y3a8,u4006,4003,4004,4005,4007,4008,4009,Male,40,No,,No,No,No,no,No,,0,not close,Male,0,No,,No,No,No,no,No,,0,not close,Male,0,No,,No,No,No,no,No,,0,not close,Male,0,No,,No,No,No,no,No,,0,not close,Male,0,No,,No,No,No,no,No,,0,not close,Male,0,No,,No,No,No,no,No,,0,not close
292,c4iycdg2xy62566,u4008,4006,4005,4009,4010,4011,4012,Male,35,No,,No,No,Yes,little,No,,5,somewhat close,Female,40,No,,No,No,Yes,little,No,,5,not close,Female,27,No,,No,No,Yes,little,No,,5,not close,Male,35,No,,No,No,Yes,little,No,,5,not close,Female,30,No,,No,No,Yes,little,No,,5,not close,Female,40,No,,No,No,Yes,little,No,,5,not close
266,mitwjagb8949fpc,u4009,4008,4010,4006,4007,4005,4012,Male,37,No,,No,No,No,no,No,,50,not close,Male,50,No,,No,No,No,no,No,,50,not close,Female,46,No,,No,No,No,no,No,,50,not close,Male,35,No,,No,No,No,no,No,,50,not close,Male,51,No,,No,No,No,no,No,,50,not close,Female,39,No,,No,No,No,no,No,,75,not close
241,d5qrr8pipimrzuk,u4010,3001,3002,3003,3004,3005,3006,Female,99,No,,No,No,No,lot,No,,99,very close,Male,99,No,,No,No,No,lot,No,,99,very close,Male,99,No,,No,No,No,lot,No,,99,very close,Male,99,No,,No,No,No,lot,No,,99,very close,Male,99,No,,No,No,No,lot,No,,99,very close,Male,99,No,,No,No,No,lot,No,,99,very close
361,qveb69y9asu54ue,u4011,4005,4001,4012,4019,4066,4201,Male,25,No,,No,No,No,little,No,,6,not close,Female,31,No,,No,No,No,no,No,,5,not close,Female,41,No,,No,No,No,no,No,,2,not close,Male,19,No,,No,No,No,little,No,,9,not close,Male,45,No,,No,No,No,no,No,,12,somewhat close,Female,28,No,,No,No,No,no,No,,2,not close
378,j2hrwyd887sbg35,u4012,4001,4002,4003,4004,4005,4006,Male,50,No,,No,No,No,little,No,,100,very close,Male,51,No,,No,No,Yes,little,No,,100,somewhat close,Male,55,No,,No,No,Yes,little,No,,100,somewhat close,Male,55,No,,No,No,No,little,No,,100,somewhat close,Male,50,No,,No,No,Yes,little,No,,100,somewhat close,Male,50,No,,No,No,Yes,little,No,,100,somewhat close
298,4e6ehyu2dgihd8h,u4013,4100,4100,4100,4100,4100,4100,Female,45,No,,No,No,Yes,lot,No,,3,very close,Female,37,No,,No,No,Yes,lot,No,,4,somewhat close,Female,45,No,,No,No,Yes,some,No,,3,somewhat close,Male,40,No,,No,No,Yes,some,No,,4,somewhat close,Female,50,No,,No,No,Yes,lot,No,,5,somewhat close,Female,48,No,,No,No,Yes,lot,No,,5,very close
262,zydevv7gsnnym8r,u4014,4011,4012,4013,4015,4016,4017,Male,35,No,,No,No,No,no,No,,5,not close,Female,35,No,,No,No,No,no,No,,5,not close,Male,35,No,,No,No,No,no,No,,5,not close,Male,40,No,,No,No,No,no,No,,5,somewhat close,Female,30,No,,No,No,No,no,No,,5,not close,Male,35,No,,No,No,No,no,No,,5,not close
287,g8ugzpuz4wz38pq,u4015,4012,4013,4014,4016,4017,4018,Female,40,No,,No,No,No,no,No,,0,not close,Female,40,No,,No,No,No,no,No,,0,not close,Female,30,No,,No,No,No,no,No,,0,not close,Female,35,No,,No,No,No,no,No,,0,not close,Male,50,No,,No,No,No,no,No,,0,not close,Female,50,No,,No,No,No,no,No,,0,not close
379,csc7bm84ixh3ku7,u4016,4013,4014,4015,4017,4018,4019,Female,0,No,,No,No,No,no,No,,0,not close,Male,40,No,,No,No,No,no,No,,0,not close,Female,50,No,,No,No,No,no,No,,0,not close,Female,40,No,,No,No,No,no,No,,0,not close,Male,40,No,,No,No,No,no,No,,0,not close,Male,40,No,,No,No,No,no,No,,0,not close
238,awykx7gvwi4jckc,u4017,4014,4015,4016,4018,4019,4020,Female,26,No,,No,No,No,no,No,,0,not close,Male,45,No,,No,No,No,no,No,,0,not close,Male,0,No,,No,No,No,no,No,,0,not close,Female,46,No,,No,No,No,no,No,,0,not close,Female,42,No,,No,No,No,no,No,,0,not close,Female,27,No,,No,No,No,no,No,,0,not close
341,2kix79z8pn89982,u4018,4015,4016,4017,4019,4020,4021,Male,40,No,,No,No,No,no,No,,3,not close,Female,20,No,,No,No,No,no,No,,1,not close,Male,30,No,,No,No,No,no,No,,2,not close,Female,40,No,,No,No,No,no,No,,1,not close,Male,27,No,,No,No,No,no,No,,5,not close,Female,50,No,,No,No,No,no,No,,5,not close
315,asc8x3zu3ux2jg6,u4019,4017,4016,4020,4022,4021,4018,Male,50,No,,No,No,No,little,No,,5,not close,Male,30,No,,No,No,No,no,No,,5,not close,Female,45,No,,No,No,No,no,No,,4,not close,Male,57,No,,No,No,No,no,No,,5,not close,Male,50,No,,No,No,No,no,No,,5,not close,Female,55,No,,No,No,No,no,No,,5,not close
325,3rh73dh333adtw2,u4020,4017,4018,4019,4021,4022,4023,Male,40,No,,No,No,No,no,No,,5,somewhat close,Female,43,No,,No,No,No,no,No,,0,not close,Female,36,No,,No,No,No,no,No,,0,not close,Male,0,No,,No,No,No,no,No,,0,not close,Male,45,No,,No,No,No,no,No,,2,somewhat close,Female,0,No,,No,No,No,no,No,,0,not close
346,yv8sm8a22dw94ax,u4021,4018,4019,4020,4022,4023,4024,Female,40,No,,No,No,No,no,No,,5,not close,Male,35,No,,No,No,No,no,No,,5,not close,Female,45,No,,No,No,No,no,No,,4,not close,Male,50,No,,No,No,No,no,No,,3,not close,Male,40,No,,No,No,No,no,No,,5,not close,Male,45,No,,No,No,No,no,No,,4,not close
281,irhju27avkdyrup,u4022,4019,4020,4021,4022,4023,4024,Female,0,Yes,Not sure,Yes,No,No,no,No,,0,not close,Male,0,Yes,Not sure,Yes,No,No,no,No,,0,not close,Female,0,No,,Yes,No,No,no,No,,0,not close,Male,0,No,,Yes,No,No,no,No,,0,not close,Female,0,No,,No,No,No,no,No,,0,not close,Male,0,No,,No,No,No,no,No,,0,not close
328,64wwvdnzftn8gmv,u4024,4022,4021,4025,4026,4027,4023,Male,22,No,,No,No,No,no,No,,0,not close,Female,45,No,,No,No,No,no,No,,0,not close,Female,40,No,,No,No,No,no,No,,0,not close,Male,33,No,,No,No,No,no,No,,0,not close,Female,50,No,,No,No,No,little,No,,0,not close,Male,24,No,,No,No,No,no,No,,0,not close
405,mitfgdashrm9xvu,u4026,4024,4025,4027,4029,4028,4023,Female,10,Yes,no idea,No,No,No,no,No,,6,not close,Male,10,Yes,no idea,No,No,No,no,No,,6,not close,Female,10,Yes,no idea,No,No,No,no,No,,6,not close,Female,10,Yes,no idea,No,No,No,no,No,,6,not close,Female,10,Yes,no idea,No,No,No,no,No,,6,not close,Female,10,No,,No,No,No,no,No,,6,not close
278,wgigcwze377uuy3,u4027,4024,4025,4026,4028,4029,4030,Female,19,No,,No,No,No,no,No,,0,not close,Female,0,No,,No,No,No,no,No,,0,not close,Female,0,No,,No,No,No,no,No,,0,not close,Male,0,No,,No,No,No,no,No,,0,not close,Female,0,No,,No,No,No,no,No,,0,not close,Female,3,No,,No,No,No,no,No,,0,not close
283,fbxjtnefhwc5axb,u4028,4025,4026,4027,4029,4030,4031,Female,33,No,,No,No,No,no,No,,0,not close,Male,0,No,,No,No,No,no,No,,0,not close,Female,35,No,,No,No,No,no,No,,0,not close,Female,40,No,,No,No,No,no,No,,0,not close,Female,25,No,,No,No,No,no,No,,0,not close,Male,1,No,,No,No,No,no,No,,0,not close
250,fdihsvvfankd5cb,u4029,4026,4027,4028,4030,4031,4032,Male,32,No,,No,No,No,no,No,,5,not close,Female,50,No,,No,No,No,no,No,,3,not close,Male,58,No,,No,No,No,no,No,,2,not close,Female,26,No,,No,No,No,no,No,,2,not close,Female,39,No,,No,No,No,no,No,,0,not close,Male,19,No,,No,No,No,no,No,,0,not close
308,vyqyiim26huig9d,u4030,4027,4028,4029,4031,4032,4033,Female,50,No,,No,No,No,no,No,,5,not close,Male,45,No,,No,No,No,no,No,,5,not close,Female,40,No,,No,No,No,no,No,,5,not close,Female,35,No,,No,No,No,no,No,,5,not close,Male,40,No,,No,No,No,no,No,,5,not close,Female,50,No,,No,No,No,no,No,,5,not close
221,2rcu4j3jxed27e2,u4031,3028,3029,3030,3032,3033,3034,Female,40,No,,No,No,No,no,No,,0,not close,Male,50,No,,No,No,No,no,No,,0,not close,Male,25,No,,No,No,No,no,No,,0,not close,Male,47,No,,No,No,No,no,No,,0,not close,Male,33,No,,No,No,No,no,No,,0,not close,Female,26,No,,No,No,No,no,No,,0,not close
225,fzntvtuvs743fjq,u4032,3029,3030,3031,3033,3034,3035,Female,49,No,,No,No,No,little,No,,1,not close,Female,20,No,,No,No,No,no,No,,1,not close,Male,40,No,,No,No,No,no,No,,0,not close,Female,50,No,,No,No,No,no,No,,0,not close,Female,30,No,,No,No,No,no,No,,2,not close,Female,25,No,,No,No,No,no,No,,0,not close
237,kjyxtj462yuz787,u4033,3030,3031,3032,3034,3035,3036,Female,0,No,,No,No,No,no,No,,0,not close,Female,0,No,,No,No,No,no,No,,0,not close,Female,0,No,,No,No,No,no,No,,0,not close,Female,0,No,,No,No,No,no,No,,0,not close,Female,0,No,,No,No,No,no,No,,0,not close,Female,0,No,,No,No,No,no,No,,0,not close
398,mdvjj6sn8t7dw77,u4034,4035,4036,4037,4038,4033,4032,Female,50,No,,No,No,No,no,No,,6,not close,Female,24,No,,No,No,No,no,No,,6,not close,Female,40,No,,No,No,No,no,No,,6,not close,Female,40,No,,No,No,No,no,No,,6,not close,Female,40,No,,No,No,No,no,No,,6,not close,Female,40,No,,No,No,No,no,No,,6,not close
226,eqyfw8vcazvexwu,u4035,3032,3034,3037,3033,3036,3038,Female,25,No,,No,No,No,little,No,,5,not close,Female,30,No,,No,No,No,no,No,,5,not close,Female,28,No,,No,No,No,no,No,,5,not close,Female,55,No,,No,No,No,little,No,,5,not close,Female,32,No,,No,No,No,no,No,,5,not close,Female,51,No,,No,No,No,no,No,,5,not close
347,qc6xdsizchqmr7t,u4036,4033,4034,4035,4037,4038,4039,Female,35,No,,No,No,No,no,No,,0,not close,Female,35,No,,No,No,No,no,No,,0,not close,Female,45,No,,No,No,No,no,No,,0,not close,Female,35,No,,No,No,No,no,No,,0,not close,Female,35,No,,No,No,No,no,No,,0,not close,Female,35,No,,No,No,No,no,No,,0,not close
227,w87getv8psbabgw,u4037,4030,4020,4002,4035,4052,4037,Male,50,No,,No,No,No,no,No,,2,not close,Male,32,No,,No,No,No,no,No,,0,not close,Male,0,No,,No,No,No,no,No,,0,not close,Female,0,No,,No,No,No,no,No,,0,not close,Male,0,No,,No,No,No,no,No,,0,not close,Male,0,No,,No,No,No,no,No,,0,not close
268,usjm3tsaqemerq3,u4038,4037,4035,4036,4038,4039,4041,Female,21,No,,No,No,No,no,No,,4,not close,Female,30,No,,No,No,No,no,No,,4,not close,Female,35,No,,No,No,No,no,No,,5,not close,Female,51,No,,No,No,No,no,No,,0,very close,Female,45,No,,No,No,No,no,No,,3,not close,Female,41,No,,No,No,No,no,No,,3,not close
319,fiw49zqjc5arh49,u4039,4009,4010,4112,4120,4095,4096,Male,22,No,,No,No,No,no,No,,6,not close,Male,27,No,,No,No,No,no,No,,6,not close,Female,36,No,,No,No,No,no,No,,6,not close,Female,48,No,,No,No,No,no,No,,6,not close,Male,21,No,,No,No,No,no,No,,6,not close,Male,24,No,,No,No,No,no,No,,6,not close
362,qu65ejatxrxpme4,u4040,4037,4041,4038,4042,4043,4045,Female,20,No,,No,No,No,no,No,,0,not close,Female,20,No,,No,No,No,no,No,,0,not close,Female,20,No,,No,No,No,no,No,,0,not close,Female,20,No,,No,No,No,no,No,,0,not close,Female,20,No,,No,No,No,no,No,,0,not close,Female,20,No,,No,No,No,no,No,,0,not close
351,zvf85cercqtpxak,u4041,4038,4039,4040,4042,4043,4044,Female,40,No,,No,No,No,no,No,,2,not close,Female,40,No,,No,No,No,no,No,,2,not close,Female,40,No,,No,No,No,no,No,,2,not close,Male,20,No,,No,No,No,no,No,,2,not close,Male,30,No,,No,No,No,no,No,,2,not close,Male,35,No,,No,No,No,no,No,,2,not close
296,piwqambdudq8qf6,u4042,,,,,,,N/A,,N/A,,N/A,N/A,N/A,,N/A,,,,N/A,,N/A,,N/A,N/A,N/A,,N/A,,,,N/A,,N/A,,N/A,N/A,N/A,,N/A,,,,N/A,,N/A,,N/A,N/A,N/A,,N/A,,,,N/A,,N/A,,N/A,N/A,N/A,,N/A,,,,N/A,,N/A,,N/A,N/A,N/A,,N/A,,,
363,2pv5eerkbfs2k9d,u4044,4046,4001,4001,4001,4001,4001,Female,50,No,,No,No,No,no,No,,0,not close,Male,0,No,,No,No,No,no,No,,0,not close,Male,0,No,,No,No,No,no,No,,0,not close,Male,0,No,,No,No,No,no,No,,0,not close,Male,0,No,,No,No,No,no,No,,0,not close,Male,0,No,,No,No,No,no,No,,0,not close
316,sfg68shmyuj6yrx,u4045,4041,4042,4043,4044,4056,4057,Female,18,No,,No,No,No,no,No,,1,not close,Female,18,No,,No,No,No,no,No,,0,not close,Female,18,No,,No,No,No,no,No,,0,not close,Male,30,No,,No,No,No,no,No,,1,not close,Female,18,No,,No,No,No,no,No,,0,not close,Female,18,No,,No,No,No,no,No,,0,not close
358,4agee55z4kpagne,u4046,4043,4044,4045,4047,4048,4049,Male,40,Yes,any and all,Yes,No,No,no,No,,0,not close,Male,50,Yes,alcohol,No,No,No,no,No,,2,somewhat close,Male,43,No,,No,No,No,no,No,,0,not close,Female,38,No,,No,No,No,no,No,,1,not close,Female,45,No,,No,No,No,no,No,,0,not close,Female,40,No,,No,No,No,no,No,,0,not close
310,eb6eti5uyf2x8bz,u4049,4046,4047,4048,4050,4051,4052,Female,40,No,,No,No,No,no,No,,0,not close,Male,35,No,,No,No,No,no,No,,0,not close,Female,28,No,,No,No,No,no,No,,0,not close,Male,40,No,,No,No,No,no,No,,0,not close,Male,35,No,,No,No,No,no,No,,0,not close,Female,40,No,,No,No,No,no,No,,0,not close
223,7xckes5x8jpiy4j,u4050,3047,3048,3049,3051,3052,3053,Male,35,No,,No,No,No,no,No,,0,not close,Male,40,No,,No,No,No,no,No,,0,not close,Female,45,No,,No,No,No,no,No,,0,not close,Female,50,No,,No,No,No,no,No,,0,not close,Male,28,No,,No,No,No,no,No,,0,not close,Male,51,No,,No,No,No,no,No,,0,not close
384,jdc6qc4aj9snxd7,u4051,4058,4050,4052,4054,4062,4056,Female,29,No,,Yes,No,Yes,no,No,,3,somewhat close,Male,30,No,,Yes,No,Yes,no,No,,3,not close,Female,36,No,,Yes,No,Yes,no,No,,3,somewhat close,Female,32,No,,No,No,Yes,no,No,,2,not close,Female,33,No,,Yes,No,Yes,no,No,,1,not close,Female,29,No,,No,No,No,no,No,,1,not close
369,3g9x2pp9ffxiur3,u4052,4037,4053,4054,4049,4050,4051,Female,32,No,,No,No,No,no,No,,1,not close,Female,26,No,,No,No,No,no,No,,5,not close,Male,45,No,,No,No,No,no,No,,8,not close,Female,28,No,,No,No,No,no,No,,5,not close,Male,31,No,,No,No,No,no,No,,4,not close,Female,43,No,,No,No,No,no,No,,3,not close
372,rn9ff7syrp9bv2i,u4054,4010,4076,4193,4154,4228,4247,Female,35,No,,No,No,No,no,No,,0,not close,Male,37,No,,No,No,No,no,No,,0,not close,Female,41,No,,No,No,No,no,No,,0,not close,Male,43,No,,No,No,No,no,No,,0,not close,Female,45,No,,No,No,No,no,No,,0,not close,Female,59,No,,No,No,No,no,No,,0,not close
332,wnkk5hutm43emrr,u4055,4052,4053,4054,4056,4057,4058,Male,0,No,,No,No,No,no,No,,0,not close,Male,0,No,,No,No,No,no,No,,0,not close,Male,0,No,,No,No,No,no,No,,0,not close,Male,0,No,,No,No,No,no,No,,0,not close,Male,0,No,,No,No,No,no,No,,0,not close,Male,0,No,,No,No,No,no,No,,0,not close
408,n3crfpacfh8q5d8,u4056,4001,4222,4231,4123,4158,4199,Male,52,No,,No,No,No,no,No,,3,not close,Male,36,No,,No,No,No,no,No,,5,not close,Male,22,No,,No,No,No,no,No,,23,not close,Male,18,No,,No,No,No,no,No,,2,not close,Male,45,No,,No,No,No,no,No,,3,not close,Male,59,No,,No,No,No,no,No,,2,not close
399,dzzbskj8tdvnyh5,u4057,4054,4055,4056,4058,4059,4060,Female,40,No,,No,No,No,little,No,,0,not close,Female,29,No,,No,No,No,little,No,,0,not close,Male,45,No,,No,No,No,no,No,,0,not close,Female,50,No,,No,No,No,no,No,,2,somewhat close,Female,41,No,,No,No,No,some,No,,2,somewhat close,Female,55,No,,No,No,No,some,No,,3,somewhat close
349,ysyvcj5t3vygd75,u4058,4055,4056,4057,4059,4060,4061,Female,0,No,,No,No,No,no,No,,0,not close,Male,0,No,,No,No,No,no,No,,0,not close,Male,20,No,,No,No,No,no,No,,0,not close,Female,1,No,,No,No,No,no,No,,0,not close,Female,34,No,,No,No,No,no,No,,0,not close,Male,0,No,,No,No,No,no,No,,0,not close
289,escjvsg6p8q5scj,u4059,4056,4057,4058,4060,4061,4062,Male,0,No,,No,No,No,no,No,,0,not close,Male,20,Yes,unknown,Yes,No,No,no,No,,1,not close,Female,0,Yes,opiates?,No,No,No,no,No,,6,not close,Female,0,Yes,unknown,No,No,No,no,No,,6,not close,Female,0,No,,No,No,No,no,No,,6,not close,Female,0,No,,No,No,No,no,No,,6,not close
397,ub5u2qis6uff95d,u4060,4059,4057,4063,4062,4058,4061,Female,30,Yes,ETOH,No,No,No,no,No,,1,not close,Male,40,No,,No,No,No,no,No,,1,not close,Female,35,No,,No,No,No,no,No,,1,not close,Female,20,No,,No,No,No,no,No,,0,not close,Female,35,No,,No,No,No,no,No,,0,not close,Female,40,No,,No,No,No,no,No,,0,not close
288,a8m3z9ppzes9b9b,u4061,4058,4059,4060,4062,4063,4064,Female,0,No,,No,No,No,no,No,,5,not close,Female,0,No,,No,No,No,no,No,,5,not close,Female,0,No,,No,No,No,no,No,,5,not close,Female,0,No,,No,No,No,no,No,,5,not close,Female,0,No,,No,No,No,no,No,,5,not close,Female,0,No,,No,No,No,no,No,,5,not close
387,nanbn3jmas3w2x2,u4062,4059,4060,4061,4063,4064,4065,Male,26,No,,No,No,No,no,No,,4,not close,Female,5,No,,No,No,No,no,No,,5,somewhat close,Female,50,Yes,alcohol and cigarettes,Yes,No,No,no,No,,5,not close,Female,55,No,,No,No,No,no,No,,5,somewhat close,Female,36,No,,No,No,No,no,No,,5,not close,Male,22,No,,No,No,No,no,No,,0,not close
368,2yibbivq56xhivp,u4063,4060,4061,4062,4064,4065,4066,Female,0,No,,No,No,No,no,No,,0,not close,Female,0,No,,No,No,No,no,No,,0,not close,Female,0,No,,No,No,No,no,No,,0,not close,Female,0,No,,No,No,No,no,No,,0,not close,Female,0,No,,No,No,No,no,No,,0,not close,Female,0,No,,No,No,No,no,No,,0,not close
324,37xd9v6x9k7qb8e,u4065,4063,4066,4068,4062,4064,4067,Male,30,No,,No,No,No,no,No,,5,not close,Male,30,No,,No,No,No,no,No,,5,not close,Male,30,No,,No,No,No,no,No,,5,not close,Male,30,No,,No,No,No,no,No,,5,not close,Male,30,No,,No,No,No,no,No,,5,not close,Male,30,No,,No,No,No,no,No,,5,not close
353,yanf3ankmy9jmj6,u4066,4063,4064,4065,4067,4068,4069,Female,14,No,,No,No,No,no,No,,0,not close,Female,4,No,,No,No,No,no,No,,0,not close,Male,0,No,,No,No,No,no,No,,0,not close,Male,30,No,,No,No,No,no,No,,0,not close,Male,0,No,,No,No,No,no,No,,0,not close,Female,0,No,,No,No,No,no,No,,0,not close
235,djqkkhu4n8nvzm7,u4067,3064,3065,3066,3068,3069,3070,Female,40,No,,No,No,No,no,No,,0,not close,Male,40,No,,No,No,No,lot,No,,0,not close,Female,40,No,,No,No,No,no,No,,0,not close,Male,45,No,,No,No,No,no,No,,0,not close,Female,50,No,,No,No,No,no,No,,0,not close,Male,47,No,,No,No,No,no,No,,0,not close
295,9asbiq2rw69jr87,u4068,4065,4066,4067,4069,4070,4071,Male,51,No,,No,No,No,no,No,,6,not close,Male,51,No,,No,No,No,no,No,,6,somewhat close,Male,60,No,,No,No,No,no,No,,6,somewhat close,Female,54,No,,No,No,No,no,No,,6,somewhat close,Male,36,No,,No,No,No,no,No,,6,not close,Male,48,No,,No,No,No,no,No,,6,somewhat close
232,5c745xmaa8yvj97,u4069,3068,3070,3072,3071,3073,3074,Male,40,No,,No,No,No,no,No,,5,not close,Female,,N/A,,N/A,N/A,N/A,,N/A,,,,N/A,,N/A,,N/A,N/A,N/A,,N/A,,,,N/A,,N/A,,N/A,N/A,N/A,,N/A,,,,N/A,,N/A,,N/A,N/A,N/A,,N/A,,,,N/A,,N/A,,N/A,N/A,N/A,,N/A,,,
411,pf7i3cbedixbnvm,u4070,4067,4068,4069,4070,4072,4073,Female,45,No,,No,No,Yes,no,No,,6,not close,Male,45,No,,No,No,Yes,no,No,,6,not close,Male,45,No,,No,No,Yes,no,No,,6,not close,Male,45,No,,No,No,Yes,no,No,,6,not close,Male,45,No,,No,No,Yes,no,No,,6,not close,Male,45,No,,No,No,Yes,no,No,,6,not close
245,swfui86wzmnra5u,u4071,4070,4072,4073,4068,4069,4074,Male,45,No,,No,No,Yes,no,No,,5,not close,Female,34,No,,No,No,No,no,No,,5,not close,Male,45,No,,No,No,No,no,No,,5,not close,Male,45,No,,No,No,No,no,No,,5,not close,Female,44,No,,No,No,No,no,No,,5,not close,Male,50,No,,No,No,No,no,No,,0,not close
233,w9fj3wx5cvz8yuj,u4072,3070,3072,3071,3073,3074,3074,Female,40,No,,No,No,No,little,No,,5,somewhat close,Male,45,No,,No,No,No,no,No,,5,somewhat close,Male,35,No,,No,No,No,no,No,,5,somewhat close,Male,30,No,,No,No,No,some,No,,5,somewhat close,Male,0,No,,No,No,No,no,No,,0,not close,Male,30,No,,No,No,No,little,No,,5,not close
382,a6panmqvntmhsjj,u4073,4070,4071,4072,4074,4075,4076,Male,24,No,,No,No,No,no,No,,6,not close,Male,40,No,,No,No,No,no,No,,6,not close,Female,37,No,,No,No,No,no,No,,6,not close,Female,30,No,,No,No,No,no,No,,6,not close,Male,35,No,,No,No,No,no,No,,6,not close,Female,46,No,,No,No,No,no,No,,6,not close
242,cgghe9pxribszis,u4076,4073,4074,4075,4077,4078,4079,Male,4,No,,No,No,No,no,No,,0,not close,Female,11,No,,No,No,No,no,No,,0,not close,Male,11,No,,No,No,No,no,No,,0,not close,Female,0,No,,No,No,No,no,No,,0,not close,Male,0,No,,No,No,No,no,No,,0,not close,Female,0,No,,No,No,No,no,No,,0,not close
244,8kj8rrcbkj6p4ka,u4077,4074,4075,4076,4078,4079,4080,Female,0,No,,No,No,No,no,No,,0,not close,Male,0,No,,No,No,No,no,No,,0,not close,Female,0,No,,No,No,No,no,No,,0,not close,Male,0,No,,No,No,No,no,No,,0,not close,Female,0,No,,No,No,No,no,No,,0,not close,Male,0,No,,No,No,No,no,No,,0,not close
321,d5sa2pkssrsb347,u4078,4075,4076,4077,4079,4080,4083,Male,34,No,,No,No,No,no,No,,0,not close,Female,43,No,,No,No,No,no,No,,0,not close,Male,36,No,,No,No,No,no,No,,0,not close,Male,54,No,,No,No,No,no,No,,0,not close,Female,36,No,,No,No,No,no,No,,0,not close,Female,54,No,,No,No,No,little,No,,6,somewhat close
239,hpuaja8n3ncuk78,u4079,3002,3003,3004,3005,3006,3007,Male,42,No,,No,No,No,little,No,,0,not close,Female,35,No,,No,No,No,no,No,,0,not close,Male,34,No,,No,No,No,no,No,,0,not close,Female,26,No,,No,No,No,no,No,,0,not close,Male,0,No,,No,No,No,no,No,,0,not close,Male,41,No,,No,No,No,no,No,,0,not close
277,cmsysdqcapbfeh5,u4080,4077,4078,4079,4081,4082,4083,Female,30,No,,No,No,No,no,No,,5,not close,Male,30,No,,No,No,No,no,No,,5,not close,Female,40,No,,No,No,No,no,No,,5,not close,Male,50,No,,No,No,No,no,No,,5,not close,Male,50,No,,No,No,No,no,No,,5,not close,Male,25,No,,No,No,No,no,No,,5,not close
251,tghsvy68jpwyatr,u4081,4082,4079,4078,4076,4075,4074,Male,30,No,,No,No,No,no,No,,4,not close,Female,32,No,,No,No,No,no,No,,4,not close,Male,32,No,,No,No,No,no,No,,28,not close,Female,29,No,,No,No,No,no,No,,3,not close,Male,37,No,,No,No,No,no,No,,4,not close,Male,39,No,,No,No,No,no,No,,5,not close
344,uzsii4cb7a58ihq,u4082,4079,4080,4081,4083,4084,4085,Male,0,No,,No,No,No,no,No,,3,not close,Male,0,No,,No,No,No,no,No,,0,not close,Male,0,No,,No,No,No,no,No,,0,not close,Female,0,No,,No,No,No,no,No,,0,not close,Male,0,No,,No,No,No,no,No,,0,not close,Female,55,No,,No,No,No,no,No,,3,not close
364,n2hug9sz5ievr58,u4083,4002,4003,4004,4005,4006,4007,Female,20,No,,No,No,No,no,No,,0,not close,Female,999,No,,No,No,No,no,No,,0,not close,Female,999,No,,No,No,No,no,No,,0,not close,Female,999,No,,No,No,No,no,No,,0,not close,Female,999,No,,No,No,No,no,No,,0,not close,Female,999,No,,No,No,No,no,No,,0,not close
385,fxvr623g38d42v8,u4084,4081,4082,4083,4085,4086,4087,Male,45,No,,No,No,Yes,little,No,,2,not close,Male,36,No,,No,No,No,no,No,,2,not close,Female,25,No,,No,No,No,no,No,,2,not close,Male,50,No,,No,No,No,no,No,,2,not close,Male,48,No,,No,No,No,no,No,,2,not close,Female,45,No,,No,No,No,no,No,,2,not close
320,9i8uasns8df9i27,u4086,4083,4085,4084,4086,4087,4089,Male,30,No,,No,No,No,little,No,,1,not close,Female,40,No,,No,No,No,no,No,,1,not close,Female,42,No,,No,No,No,no,No,,2,not close,Male,35,Yes,Alcohol,Yes,No,Yes,no,No,,1,not close,Male,50,No,,No,No,No,no,No,,2,not close,Male,33,Yes,Alcohol,No,No,Yes,little,No,,2,not close
389,vs4cp8x7h7cnx7e,u4087,4084,4084,4086,4088,4089,4090,Male,30,No,,Yes,No,No,no,No,,0,not close,Male,30,No,,Yes,No,No,no,No,,0,not close,Male,30,No,,Yes,No,No,no,No,,0,not close,Male,30,No,,Yes,No,No,no,No,,0,not close,Male,30,No,,Yes,No,No,no,No,,0,not close,Male,30,No,,Yes,No,No,no,No,,0,not close
366,ikv6fh3mkdgnqhb,u4088,4001,4255,4256,4100,4101,4102,Female,55,No,,No,No,No,no,No,,1,not close,N/A,,N/A,,N/A,N/A,N/A,,N/A,,,,N/A,,N/A,,N/A,N/A,N/A,,N/A,,,,N/A,,N/A,,N/A,N/A,N/A,,N/A,,,,N/A,,N/A,,N/A,N/A,N/A,,N/A,,,,N/A,,N/A,,N/A,N/A,N/A,,N/A,,,
229,eqeybtz6dqrfrsg,u4089,3001,3002,3003,3004,3005,3006,Female,50,No,,No,No,No,lot,No,,6,very close,Male,53,No,,No,No,No,lot,No,,6,very close,Female,45,No,,No,No,No,lot,No,,6,very close,Female,46,No,,No,No,No,lot,No,,6,very close,Female,34,No,,No,No,No,lot,No,,6,very close,Female,32,No,,No,No,No,lot,No,,6,very close
269,bhdimqdffjw3d56,u4090,4087,4088,4089,4090,4091,4092,Female,40,No,,No,No,No,no,No,,0,not close,Female,0,No,,No,No,No,no,No,,0,not close,Female,0,No,,No,No,No,no,No,,0,not close,Male,46,No,,No,No,No,some,No,,0,very close,Female,0,No,,No,No,No,no,No,,0,not close,Female,0,No,,No,No,No,no,No,,0,not close
234,aqhggxwu8mq37hh,u4091,4088,4089,4090,4092,4093,4094,Male,0,No,,No,No,No,no,No,,0,not close,Female,0,No,,No,No,No,no,No,,0,not close,Male,0,No,,No,No,No,no,No,,0,not close,Female,0,No,,No,No,No,no,No,,0,not close,Female,0,No,,No,No,No,no,No,,0,not close,Male,0,No,,No,No,No,no,No,,0,not close
392,jtu82m59d76h7cu,u4093,4090,4091,4092,4094,4095,4096,Male,4,No,,No,No,No,no,No,,3,not close,Male,3,No,,No,No,No,no,No,,0,not close,Female,3,No,,No,No,No,no,No,,0,not close,Female,0,No,,No,No,No,no,No,,0,not close,Female,0,No,,No,No,No,no,No,,0,not close,Female,3,No,,No,No,No,no,No,,0,not close
240,ffguvy7vqyt8q3q,u4094,4095,4092,4097,4096,4093,4091,Female,31,No,,No,No,No,no,No,,0,not close,Female,30,No,,No,No,No,no,No,,0,not close,Male,0,No,,No,No,No,no,No,,0,not close,Male,40,No,,No,No,No,no,No,,0,not close,Female,35,No,,No,No,No,no,No,,0,not close,Female,30,No,,No,No,No,no,No,,0,not close
249,i7hizu8qiq9esp4,u4097,4117,4123,4152,4175,4135,4178,N/A,,N/A,,N/A,N/A,N/A,,N/A,,,,N/A,,N/A,,N/A,N/A,N/A,,N/A,,,,N/A,,N/A,,N/A,N/A,N/A,,N/A,,,,N/A,,N/A,,N/A,N/A,N/A,,N/A,,,,N/A,,N/A,,N/A,N/A,N/A,,N/A,,,,N/A,,N/A,,N/A,N/A,N/A,,N/A,,,
327,qbmmg2gxdcas7j3,u4098,4098,4095,4096,4097,4100,4101,Male,44,No,,No,No,No,no,No,,0,very close,Female,55,No,,No,No,No,no,No,,0,not close,Female,62,No,,No,No,No,no,No,,0,not close,Male,100,No,,No,No,No,no,No,,0,not close,Male,100,No,,No,No,No,no,No,,0,not close,Female,40,No,,No,No,No,no,No,,0,not close
352,dgxrxdhdd6srcrg,u4099,4096,4097,4098,4100,4101,4102,Female,54,No,,No,No,No,no,No,,6,not close,Female,1,No,,No,No,No,no,No,,6,not close,Male,5,No,,No,No,No,no,No,,6,not close,Female,1,No,,No,No,No,no,No,,6,not close,Female,1,No,,No,No,No,no,No,,6,not close,Male,4,No,,No,No,No,no,No,,6,not close
299,pakk7pi9itf6j4b,u4101,4098,4099,4100,4102,4103,4104,Female,20,No,,No,No,No,no,No,,0,not close,Male,30,No,,No,No,No,no,No,,0,not close,Male,43,No,,No,No,No,no,No,,0,not close,Male,31,No,,No,No,No,no,No,,0,not close,Male,51,No,,No,No,No,no,No,,0,not close,Male,25,No,,No,No,No,no,No,,0,not close
406,xbqs3ihm7fhkqmd,u4102,4001,4002,4109,4101,4109,4121,Female,45,No,,No,No,No,no,No,,0,not close,Male,38,No,,No,No,No,no,No,,0,not close,Male,42,No,,No,No,No,no,No,,0,not close,Female,42,No,,No,No,No,no,No,,0,not close,Male,28,No,,No,No,No,no,No,,0,not close,Male,52,No,,No,No,No,no,No,,0,not close
371,4n5jvgjgwbvsbnd,u4104,4101,4102,4105,4106,4107,4120,Female,40,No,,No,No,No,no,No,,0,not close,Male,40,No,,No,No,No,no,No,,0,not close,Male,0,No,,No,No,No,no,No,,0,not close,Male,28,No,,No,No,No,no,No,,0,not close,Male,30,No,,No,No,No,some,No,,2,somewhat close,Female,23,No,,No,No,No,little,No,,2,not close
400,i5ywvxhh2qaj4jz,u4105,4101,4102,4103,4104,4105,4106,Male,22,No,,No,No,No,no,No,,0,not close,Male,0,No,,No,No,No,no,No,,0,not close,Male,0,No,,No,No,No,no,No,,0,not close,Male,0,No,,No,No,No,no,No,,0,not close,Male,29,No,,No,No,No,lot,No,,0,very close,Male,0,No,,No,No,No,no,No,,0,not close
409,2rv57b8k68yzekx,u4106,4103,4104,4105,4107,4108,4109,Male,20,No,,No,No,No,no,No,,0,not close,Male,30,No,,No,No,No,no,No,,5,not close,Male,30,No,,No,No,No,no,No,,0,not close,Male,30,No,,No,No,No,no,No,,5,not close,Female,40,No,,No,No,No,no,No,,5,not close,Male,30,No,,No,No,No,no,No,,5,not close
335,5w592wtii4rp9sj,u4107,4104,4105,4107,4108,4109,4110,Male,0,No,,No,No,No,no,No,,0,not close,Male,0,No,,No,No,No,no,No,,0,not close,Male,0,No,,No,No,No,no,No,,0,not close,Male,0,No,,No,No,No,no,No,,0,not close,Male,0,No,,No,No,No,no,No,,0,not close,Male,0,No,,No,No,No,no,No,,0,not close
393,r8wjrtgk4bcbqm5,u4108,4105,4106,4107,4109,4110,4111,Male,0,No,,No,No,No,no,No,,5,not close,Male,0,No,,No,No,No,no,No,,5,not close,Male,0,No,,No,No,No,no,No,,5,not close,Male,0,No,,No,No,No,no,No,,5,not close,Male,0,No,,No,No,No,no,No,,5,not close,Female,0,No,,No,No,No,no,No,,5,not close
334,diuuucwkxvegbau,u4109,4112,4106,4107,4108,4111,4110,Male,42,No,,No,No,Yes,little,No,,3,somewhat close,Male,35,No,,No,No,No,no,No,,1,not close,Male,32,No,,No,No,No,little,No,,1,somewhat close,Female,26,No,,No,No,No,no,No,,6,not close,Female,30,No,,No,No,No,no,No,,6,not close,Male,999,No,,No,No,No,no,No,,6,not close
314,tdieaxvh35gbbfr,u4111,4001,4002,4003,4004,4005,4006,Female,40,No,,No,No,No,no,No,,0,not close,Female,40,No,,No,No,No,no,No,,0,not close,Female,40,No,,No,No,No,no,No,,0,not close,Female,40,No,,No,No,No,no,No,,0,not close,Female,40,No,,No,No,No,no,No,,0,not close,Female,40,No,,No,No,No,no,No,,0,not close
311,yfp529faunsrq8b,u4112,4113,4115,4110,4109,4114,4111,Male,48,No,,No,No,No,no,No,,0,not close,Male,25,No,,No,No,No,no,No,,0,not close,Male,69,No,,No,No,No,no,No,,0,not close,Male,47,No,,No,No,No,no,No,,0,not close,Male,69,No,,No,No,No,no,No,,0,not close,Male,69,No,,No,No,No,no,No,,0,not close
317,bkhf4b6q7vpsk7t,u4114,4111,4112,4113,4114,4115,4116,Female,99,No,,No,No,No,no,No,,88,not close,Male,99,No,,No,No,No,no,No,,88,not close,Female,99,No,,No,No,No,no,No,,88,not close,Female,99,No,,No,No,No,no,No,,88,not close,Female,99,No,,No,No,No,no,No,,88,not close,Male,99,No,,No,No,No,no,No,,88,not close
373,suus7kpqaj6w2zy,u4116,4020,4113,4114,4115,4117,4118,Female,0,No,,No,No,No,no,No,,0,not close,Male,50,No,,No,No,No,no,No,,0,not close,Male,0,No,,No,No,No,no,No,,0,not close,Female,55,No,,No,No,No,no,No,,0,not close,Male,35,No,,No,No,No,no,No,,0,not close,Male,40,No,,No,No,No,no,No,,0,not close
381,s3x7begvg3cqbz3,u4117,4114,4115,4116,4118,4119,4120,Male,26,No,,No,No,No,no,No,,0,not close,Female,55,No,,No,No,No,no,No,,0,not close,Female,27,No,,No,No,No,no,No,,0,not close,Male,5,No,,No,No,No,no,No,,0,not close,Female,62,No,,No,No,No,no,No,,0,not close,Female,25,No,,No,No,No,no,No,,0,not close
252,aemxzt5tiyee2rh,u4118,4115,4116,4117,4119,4120,4121,Female,55,No,,No,No,No,no,No,,0,not close,Female,27,No,,No,No,No,no,No,,0,not close,Female,0,No,,No,No,No,no,No,,0,not close,Female,62,No,,No,No,No,no,No,,6,not close,Female,25,No,,No,No,No,no,No,,0,not close,Female,35,No,,No,No,No,no,No,,0,not close
285,2zvpnygnwj5eepd,u4119,4116,4117,4118,4120,4121,4122,Female,28,No,,No,No,No,no,No,,2,not close,Male,40,No,,No,No,No,no,No,,1,not close,Male,40,No,,No,No,No,no,No,,2,not close,Female,20,No,,No,No,No,no,No,,1,not close,Female,0,No,,No,No,No,no,No,,0,not close,Male,20,No,,No,No,No,no,No,,1,not close
243,3bgshxmjyind2uq,u4120,4117,4118,4119,4121,4122,4123,Male,0,No,,No,No,No,no,No,,0,not close,Male,0,No,,No,No,No,no,No,,0,not close,Female,62,No,,No,No,No,no,No,,0,not close,Male,0,No,,No,No,No,no,No,,0,not close,Male,0,No,,No,No,No,no,No,,0,not close,Female,0,No,,No,No,No,no,No,,0,not close
331,5i3byqxh9g2qdrx,u4122,4119,4120,4121,4122,4123,4124,Female,40,No,,No,No,No,no,No,,0,not close,Female,40,No,,No,No,No,no,No,,0,not close,N/A,,N/A,,N/A,N/A,N/A,,N/A,,,,N/A,,N/A,,N/A,N/A,N/A,,N/A,,,,N/A,,N/A,,N/A,N/A,N/A,,N/A,,,,N/A,,N/A,,N/A,N/A,N/A,,N/A,,,
273,sazmxjz95tg3czb,u4123,4126,4120,4121,4122,4124,4125,Male,0,No,,No,No,No,no,No,,0,not close,Female,30,No,,No,No,No,no,No,,0,not close,Male,0,No,,No,No,No,no,No,,0,not close,Male,0,No,,No,No,No,no,No,,0,not close,Male,0,No,,No,No,No,no,No,,0,not close,Male,0,No,,No,No,No,no,No,,0,not close
284,8cwigk3mcpfdih5,u4125,4122,4123,4124,4126,4127,4128,Male,23,No,,No,No,No,no,No,,2,not close,Female,25,No,,No,No,No,no,No,,3,not close,Male,33,No,,No,No,No,no,No,,0,not close,Male,32,No,,No,No,No,no,No,,0,not close,Male,25,No,,No,No,No,no,No,,0,not close,Male,35,No,,No,No,No,no,No,,0,not close
396,jjw8uddtim5ew7a,u4126,,,,,,,N/A,,N/A,,N/A,N/A,N/A,,N/A,,,,N/A,,N/A,,N/A,N/A,N/A,,N/A,,,,N/A,,N/A,,N/A,N/A,N/A,,N/A,,,,N/A,,N/A,,N/A,N/A,N/A,,N/A,,,,N/A,,N/A,,N/A,N/A,N/A,,N/A,,,,N/A,,N/A,,N/A,N/A,N/A,,N/A,,,
365,hspwz43evsm8avs,u4127,4001,4128,4002,4126,4124,4125,Female,35,No,,No,No,No,no,No,,0,somewhat close,Male,30,No,,No,No,No,no,No,,0,not close,Male,30,No,,No,No,No,no,No,,0,not close,Male,30,No,,No,No,No,no,No,,0,not close,Male,0,No,,No,No,No,no,No,,0,not close,Male,30,No,,No,No,No,no,No,,30,not close
356,ymbf6gmn3ezyv9s,u4128,4001,4002,4003,4125,4126,4127,Male,21,No,,Yes,No,No,no,No,,5,not close,Male,32,No,,No,No,No,no,No,,5,not close,Female,42,No,,No,No,No,no,No,,5,not close,Male,22,No,,No,No,No,no,No,,3,not close,Male,26,No,,No,No,No,no,No,,4,not close,Male,54,No,,No,No,No,no,No,,2,not close
355,sye8dwpww6utdmc,u4129,4136,4172,4197,4206,4213,4230,Male,30,No,,No,No,No,no,No,,6,not close,Female,30,No,,No,No,No,no,No,,6,not close,Male,30,No,,No,No,No,no,No,,6,not close,Male,30,No,,No,No,No,no,No,,6,not close,Male,30,No,,No,No,No,no,No,,6,not close,Male,30,No,,No,No,No,no,No,,6,not close
402,r7z2h77v7gz8xnz,u4130,4131,4145,4153,4167,4199,4255,Female,27,No,,No,No,No,no,No,,0,not close,Female,40,No,,No,No,No,no,No,,0,not close,Male,37,No,,No,No,No,no,No,,0,not close,Female,31,No,,No,No,No,no,No,,0,not close,Male,24,No,,No,No,No,no,No,,0,not close,Female,34,No,,No,No,No,no,No,,0,not close
256,hzakamhb7ffimmu,u4131,4130,4162,4177,4184,4241,4244,Female,24,No,,No,No,No,no,No,,0,not close,Male,46,No,,No,No,No,no,No,,0,not close,Female,40,No,,No,No,No,no,No,,0,not close,Male,40,No,,No,No,No,no,No,,0,not close,Female,40,No,,No,No,No,no,No,,0,not close,Female,40,No,,No,No,No,no,No,,0,not close
383,3en7ye3yu7ncznh,u4133,4133,4254,4123,4146,4125,4116,Male,49,No,,No,No,No,no,No,,2,somewhat close,Female,35,No,,No,No,No,no,No,,1,not close,Male,22,No,,No,No,No,no,No,,3,not close,Female,36,No,,No,No,No,no,No,,2,not close,Male,21,No,,No,No,No,no,No,,3,not close,Female,44,No,,No,No,No,no,No,,4,not close
293,vnvwkfbdw8v7ycd,u4135,4149,4184,4205,4220,4243,4246,Female,0,No,,No,No,No,no,No,,0,not close,Male,30,No,,No,No,No,no,No,,0,not close,Male,35,No,,No,No,No,no,No,,0,not close,Male,0,No,,No,No,No,no,No,,0,not close,Female,45,No,,No,No,No,no,No,,0,not close,Male,55,No,,No,No,No,no,No,,0,not close
272,2rvg2bxwzxvqshz,u4136,4129,4138,4152,4217,4249,4253,Male,48,No,,No,No,No,no,No,,4,not close,Female,40,No,,No,No,No,no,No,,4,not close,Male,40,No,,No,No,No,no,No,,4,not close,Male,35,No,,No,No,No,no,No,,4,not close,Male,36,No,,No,No,No,no,No,,4,not close,Male,45,No,,No,No,No,no,No,,4,not close
303,qyy2kies3jeqksj,u4137,4139,4164,4196,4154,4193,4215,Female,36,No,,No,No,No,no,No,,0,not close,Male,34,No,,No,No,No,no,No,,0,not close,Female,0,No,,No,No,No,no,No,,0,not close,Female,0,No,,No,No,No,no,No,,0,not close,Male,42,No,,No,No,No,no,No,,0,somewhat close,Male,38,No,,No,No,No,no,No,,0,somewhat close
301,d529wz4zsqemu2x,u4138,4002,4126,4138,4103,4111,4009,Male,40,No,,Yes,No,No,no,No,,0,not close,Female,30,No,,No,No,No,no,No,,0,not close,Female,0,No,,No,No,No,no,No,,0,not close,Male,33,No,,No,No,No,no,No,,0,not close,Male,0,No,,No,No,No,no,No,,0,not close,Female,23,No,,No,No,No,no,No,,0,not close
377,v9arv9hwhnw2eif,u4139,4137,4170,4182,4197,4232,4214,Male,40,No,,No,No,Yes,some,No,,6,somewhat close,Male,30,No,,No,No,Yes,some,No,,6,somewhat close,Male,45,No,,No,No,No,some,No,,6,somewhat close,Female,25,No,,No,No,No,no,No,,6,not close,Male,55,No,,No,No,No,no,No,,6,not close,Female,65,No,,No,No,No,no,No,,6,not close
222,dya3diz8tdt5z9h,u4140,4190,4203,4208,4217,4223,4234,Female,32,No,,No,No,No,no,No,,0,not close,Female,29,No,,No,No,No,no,No,,5,not close,Male,25,No,,No,No,No,no,No,,5,not close,Male,35,No,,No,No,No,no,No,,5,not close,Male,28,No,,No,No,No,no,No,,5,not close,Male,23,No,,No,No,Yes,no,No,,5,somewhat close
375,mbwv7bggz8azbwm,u4141,4145,4148,4181,4186,4195,4223,Female,0,No,,Yes,No,No,no,No,,5,not close,Female,45,No,,No,No,Yes,no,No,,5,not close,Female,0,No,,No,No,No,no,No,,0,not close,Male,0,No,,No,No,No,no,No,,0,not close,Female,0,No,,No,No,No,no,No,,0,not close,Male,0,No,,No,No,No,no,No,,0,not close
407,8iqixd3hiht5fes,u4142,4146,4200,4212,4231,4240,4250,Male,0,No,,No,No,No,no,No,,0,not close,Male,0,No,,No,No,No,no,No,,0,not close,Male,0,No,,No,No,No,no,No,,0,not close,Male,0,No,,No,No,No,no,No,,0,not close,Male,0,No,,No,No,No,no,No,,0,not close,Female,0,No,,No,No,No,no,No,,0,not close
360,dudp2jhm8cx67iu,u4143,4178,4211,4244,4196,4221,4248,Male,0,No,,No,No,No,no,No,,0,not close,Female,50,No,,No,No,No,no,No,,0,not close,Female,0,No,,No,No,No,no,No,,0,not close,Male,0,No,,No,No,No,no,No,,0,not close,Female,0,No,,No,No,No,no,No,,0,not close,Male,0,No,,No,No,No,no,No,,0,not close
247,zizvi72jvz48n78,u4145,4130,4141,4161,4204,4244,4251,Female,30,No,,No,No,No,no,No,,6,not close,Female,30,No,,No,No,No,no,No,,6,not close,Male,30,No,,No,No,No,no,No,,6,not close,Female,30,No,,No,No,No,no,No,,6,not close,Female,30,No,,No,No,No,no,No,,6,not close,Male,30,No,,No,No,No,no,No,,6,not close
336,hq9hywfn4ig49vc,u4147,4155,4133,4205,4209,4211,4254,Male,0,No,,No,No,No,no,No,,0,not close,Male,0,No,,No,No,No,no,No,,0,not close,Female,0,No,,No,No,No,no,No,,0,not close,Male,0,No,,No,No,No,no,No,,0,not close,Male,0,No,,No,No,No,no,No,,0,not close,Male,0,No,,No,No,No,no,No,,0,not close
376,8yi2agbrd3c6wqj,u4148,4141,4146,4169,4169,4200,4252,Female,9,No,,No,No,No,no,No,,0,not close,Male,1,No,,No,No,No,no,No,,0,not close,Male,3,No,,No,No,No,no,No,,0,not close,Male,3,No,,No,No,No,no,No,,2,not close,Male,0,No,,No,No,No,no,No,,2,not close,Male,0,No,,No,No,No,no,No,,0,not close
350,mipjfz8x4zcd4km,u4150,4001,4002,4003,4004,4005,4006,Male,55,No,,No,No,No,no,No,,5,not close,Female,56,No,,No,No,No,no,No,,5,not close,Male,52,No,,No,No,No,no,No,,5,not close,Male,55,No,,No,No,No,no,No,,5,not close,Female,55,No,,No,No,No,no,No,,5,not close,Female,45,No,,No,No,No,no,No,,5,not close
253,8dm4xafrf7c4gkr,u4151,4155,4170,4173,4223,4244,4249,Male,0,No,,No,No,No,no,No,,0,not close,Male,0,No,,No,No,No,no,No,,0,not close,Female,0,No,,No,No,No,no,No,,0,not close,Female,0,No,,No,No,No,no,No,,0,not close,Female,0,No,,No,No,No,no,No,,0,not close,Female,0,No,,No,No,No,no,No,,0,not close
410,ixzd6dybcppnkju,u4152,4136,4149,4193,4230,4254,4166,Male,39,No,,No,No,No,no,No,,0,not close,Female,28,No,,No,No,No,no,No,,4,not close,Male,52,No,,No,No,No,no,No,,4,not close,Male,44,No,,No,No,No,no,No,,4,not close,Female,35,No,,No,No,No,no,No,,5,not close,Female,37,No,,No,No,No,no,No,,5,not close
258,y5d2u63hue2gx78,u4153,4130,4165,4163,4156,4193,4169,Female,25,No,,No,No,No,no,No,,5,not close,Male,50,No,,No,No,No,no,No,,5,not close,Female,21,No,,No,No,No,no,No,,5,not close,Male,30,No,,No,No,No,no,No,,5,not close,Male,60,No,,No,No,No,no,No,,5,not close,Male,55,No,,No,No,No,no,No,,5,not close
248,9pnm6rffk868sk5,u4154,4137,4158,4179,4187,4210,4247,Male,40,No,,No,No,No,no,No,,5,not close,Male,30,No,,No,No,No,no,No,,5,not close,Male,50,No,,No,No,No,no,No,,5,not close,Male,50,No,,No,No,No,no,No,,5,not close,Female,50,No,,No,No,No,no,No,,5,not close,Male,40,No,,No,No,No,no,No,,5,not close
338,xmvqcfchsp99v4m,u4155,4147,4151,4153,4180,4203,4216,Male,30,No,,No,No,No,no,No,,0,not close,Male,50,No,,No,No,No,no,No,,0,very close,Male,30,No,,No,No,No,no,No,,0,not close,Male,30,No,,No,No,No,no,No,,0,not close,Male,30,No,,No,No,No,no,No,,0,not close,Male,30,No,,No,No,No,no,No,,0,not close
343,u4g8rhn3ghzx7ae,u4156,4153,4173,4175,4198,4227,4232,Female,35,No,,No,No,No,no,No,,4,not close,Male,30,No,,No,No,No,no,No,,5,not close,Male,33,No,,No,No,No,no,No,,5,not close,Male,25,No,,No,No,No,no,No,,5,not close,Male,40,No,,No,No,No,no,No,,5,not close,Male,40,No,,No,No,No,no,No,,5,not close
294,knmzgfj49mzisip,u4157,4146,4212,4236,4180,4231,4242,Female,0,No,,No,No,No,no,No,,0,not close,Male,8,No,,No,No,No,no,No,,0,not close,Female,0,No,,No,No,No,no,No,,0,not close,Male,0,No,,No,No,No,no,No,,0,not close,Male,0,No,,No,No,No,no,No,,0,not close,Male,0,No,,No,No,No,no,No,,0,not close
276,3qrqrqv439xc8aa,u4159,4164,4203,4194,4242,4173,4154,Male,42,Yes,Alcohol,No,No,Yes,no,No,,6,very close,Female,36,Yes,Alcohol,No,No,No,no,No,,6,somewhat close,Male,40,No,,No,No,No,no,No,,6,not close,Male,33,No,,No,No,No,no,No,,6,somewhat close,Male,45,Yes,Cocaine,No,No,No,no,No,,6,not close,Female,29,No,,No,No,No,no,No,,6,not close
391,2xkmwh8axbb9dnf,u4162,4183,4131,4144,4214,4196,4226,Female,30,No,,No,No,No,no,No,,5,not close,Female,35,No,,No,No,No,no,No,,5,not close,Female,33,No,,No,No,No,no,No,,5,not close,Male,45,No,,No,No,No,no,No,,3,not close,Male,41,No,,No,No,No,no,No,,4,not close,Female,26,No,,No,No,No,no,No,,5,not close
279,t7cga2ht9bk8pra,u4163,4174,4153,4176,4195,4207,4222,Male,42,No,,No,No,No,no,No,,1,somewhat close,Female,46,No,,No,No,No,no,No,,0,not close,Male,33,No,,No,No,No,no,No,,0,not close,Male,33,No,,No,No,No,no,No,,0,not close,Male,33,No,,No,No,No,no,No,,0,not close,Male,51,No,,No,No,No,no,No,,0,not close
257,4r8q8mkxvn7g5gm,u4164,4137,4245,4237,4159,4166,4243,Male,30,No,,No,No,No,little,No,,6,somewhat close,Male,50,No,,No,No,No,little,No,,6,not close,Male,45,No,,No,No,No,some,No,,5,somewhat close,Female,36,No,,No,No,No,no,No,,5,not close,Female,30,No,,No,No,No,no,No,,4,not close,Female,38,No,,No,No,No,no,No,,5,not close
312,w8spy9ksrs9jy8q,u4165,4132,4180,4192,4146,4181,4203,Male,32,No,,No,No,No,no,No,,6,not close,Male,29,No,,No,No,No,no,No,,6,not close,Female,25,No,,No,No,No,no,No,,6,not close,Male,50,No,,No,No,No,no,No,,6,not close,Male,50,No,,No,No,No,no,No,,6,not close,Female,28,No,,No,No,No,no,No,,6,not close
401,ebamfmmbtmp3hmf,u4166,4152,4164,4169,4181,4182,4217,Female,52,No,,No,No,No,no,No,,0,not close,Male,40,No,,No,No,No,no,No,,2,not close,Male,52,No,,No,No,No,no,No,,3,not close,Male,25,No,,No,No,No,no,No,,0,not close,Male,42,No,,No,No,No,lot,No,,1,not close,Male,45,No,,No,No,No,no,No,,2,not close
280,jnnvga7q3h3h79u,u4167,4002,4003,4004,4005,4006,4007,Male,32,Yes,Cravk,No,No,No,no,No,,1,not close,Male,54,No,,No,No,No,no,No,,1,not close,Female,35,No,,No,No,No,no,No,,1,not close,Male,21,No,,No,No,No,no,No,,1,not close,Female,43,No,,No,No,No,no,No,,1,not close,Female,43,No,,No,No,No,no,No,,1,not close
254,h7pjpwgu2jxitd4,u4168,4134,4138,4158,4189,4200,4225,Male,23,No,,No,No,No,little,No,,0,not close,Male,47,No,,No,No,No,no,No,,0,not close,Female,22,No,,No,No,No,no,No,,0,not close,Male,36,No,,No,No,No,no,No,,0,not close,Female,51,No,,No,No,No,no,No,,0,not close,Male,42,No,,No,No,No,no,No,,0,not close
230,vptk6x38tjzc726,u4169,4148,4153,4158,4166,4191,4211,Female,30,No,,No,No,No,no,No,,0,not close,Female,45,No,,No,No,No,no,No,,0,not close,Female,45,No,,No,No,No,no,No,,0,not close,Female,54,No,,No,No,No,no,No,,0,not close,Female,30,No,,No,No,No,no,No,,0,not close,Female,30,No,,No,No,No,no,No,,0,not close
306,2xg9zubgxsstyxa,u4170,4143,4139,4151,4179,4187,4251,Female,0,No,,No,No,No,no,No,,6,not close,Female,40,No,,No,No,No,no,No,,6,not close,Female,50,No,,No,No,No,no,No,,0,not close,Male,0,No,,No,No,No,no,No,,6,not close,Female,0,No,,No,No,No,no,No,,6,not close,Male,0,No,,No,No,No,no,No,,6,not close
224,xqdfw4pq4mbraki,u4171,4158,4189,4191,4192,4235,4250,Female,99,No,,No,No,No,no,No,,99,not close,Female,99,No,,No,No,No,no,No,,99,not close,Female,99,No,,No,No,No,no,No,,99,not close,Female,99,No,,No,No,No,no,No,,99,not close,Female,99,No,,No,No,No,no,No,,99,not close,Female,99,No,,No,No,No,no,No,,99,not close
394,j855srh6r3njcnh,u4172,4129,4195,4204,4222,4245,4247,Male,33,No,,No,No,No,no,No,,2,not close,Male,27,No,,No,No,No,no,No,,1,not close,Female,29,No,,No,No,No,no,No,,0,not close,Male,40,No,,No,No,No,no,No,,1,not close,Male,51,No,,No,No,No,no,No,,0,not close,Male,37,No,,No,No,No,no,No,,0,not close
271,37djvik7x7r7f9z,u4174,4150,4163,4199,4201,4203,4247,Female,0,Yes,ETOH,Yes,No,No,no,No,,0,not close,Male,0,No,,No,No,No,no,No,,0,not close,Female,0,No,,No,No,No,no,No,,0,not close,Female,0,No,,No,No,No,no,No,,0,not close,Female,0,No,,No,No,No,no,No,,0,not close,Male,0,No,,No,No,No,no,No,,0,not close
323,j8e8uej2shv64av,u4175,4146,4202,4251,4149,4188,4213,Female,35,No,,No,No,No,no,No,,10,not close,Female,40,No,,No,No,No,no,No,,10,not close,Female,25,No,,No,No,No,no,No,,5,not close,Female,50,No,,No,No,No,no,No,,25,not close,Female,25,No,,No,No,No,no,No,,2,not close,Female,35,No,,No,No,No,no,No,,25,not close
354,sqt6gjd89hyyxsg,u4176,4163,4219,4229,4233,4241,4249,Male,10,No,,No,No,No,no,No,,0,not close,Female,0,No,,No,No,No,no,No,,0,not close,Female,15,No,,No,No,No,no,No,,1,not close,Female,0,No,,No,No,No,no,No,,0,not close,Female,0,No,,No,No,No,no,No,,0,not close,Male,0,No,,No,No,No,no,No,,0,not close
313,xkgy5wwpi4k93j6,u4177,4131,4202,4146,4185,4147,4127,Female,25,No,,No,No,No,little,No,,6,not close,Female,35,No,,No,No,No,no,No,,5,not close,Male,44,No,,No,No,No,no,No,,25,not close,Female,56,No,,No,No,No,no,No,,4,not close,Female,8,No,,No,No,No,no,No,,4,not close,Female,6,No,,No,No,No,no,No,,3,not close
403,x232h2iyffty74d,u4178,4170,4224,4216,4182,4232,4143,Male,24,No,,No,No,Yes,little,No,,4,not close,Female,34,No,,No,No,No,no,No,,4,not close,Male,40,No,,No,No,No,no,No,,5,not close,Male,56,No,,No,No,No,no,No,,5,not close,Male,43,No,,No,No,No,no,No,,4,not close,Male,22,No,,No,No,No,no,No,,5,not close
318,yrmefzd8b25bqg7,u4180,4165,4157,4235,4155,4193,4232,Male,45,No,,No,No,No,no,No,,0,not close,Female,57,No,,No,No,No,no,No,,0,not close,Female,54,No,,No,No,No,no,No,,0,not close,Male,45,No,,No,No,No,no,No,,0,not close,Female,45,No,,No,No,No,no,No,,0,not close,Male,58,No,,No,No,No,no,No,,0,not close
304,9nsd3urmygj9vky,u4181,4141,4165,4166,4228,4230,4236,Male,0,No,,No,No,No,no,No,,0,not close,Male,0,No,,No,No,No,no,No,,0,not close,Male,0,No,,No,No,No,no,No,,0,not close,Male,0,No,,No,No,No,no,No,,0,not close,Male,0,No,,No,No,No,no,No,,0,not close,Male,0,No,,No,No,No,no,No,,0,not close
282,n6bbnhw3juv4jxn,u4182,4139,4183,4193,4200,4223,4235,Female,40,No,,No,No,No,little,No,,1,somewhat close,Female,0,No,,No,No,No,no,No,,1,not close,Male,1,No,,No,No,No,no,No,,1,not close,Male,1,No,,No,No,No,no,No,,1,not close,Female,1,No,,No,No,No,no,No,,1,not close,Male,1,No,,No,No,No,no,No,,1,not close
267,p9zhgbfduwk9c6s,u4183,4162,4182,4245,4246,4225,4245,Male,40,Yes,alcohol,No,No,Yes,no,No,,6,not close,N/A,,N/A,,N/A,N/A,N/A,,N/A,,,,N/A,,N/A,,N/A,N/A,N/A,,N/A,,,,N/A,,N/A,,N/A,N/A,N/A,,N/A,,,,N/A,,N/A,,N/A,N/A,N/A,,N/A,,,,N/A,,N/A,,N/A,N/A,N/A,,N/A,,,
274,iqu2ekkaq3byn2a,u4185,4199,4230,4177,4186,4187,4188,Female,0,No,,No,No,No,some,No,,0,not close,Female,0,No,,No,No,No,some,No,,0,not close,Male,0,No,,No,No,No,little,No,,0,not close,Male,0,No,,No,No,No,little,No,,0,not close,Male,0,No,,No,No,No,little,No,,0,not close,Male,0,No,,No,No,No,little,No,,0,somewhat close
345,taur9xwvsrywwgi,u4187,4154,4170,4204,4229,4238,4242,Female,30,No,,No,No,No,no,No,,0,not close,Male,26,No,,No,No,No,no,No,,0,not close,Female,28,No,,No,No,No,no,No,,0,not close,Female,45,No,,No,No,No,no,No,,0,not close,Male,54,No,,No,No,No,no,No,,0,not close,Male,23,No,,No,No,No,no,No,,0,not close
322,3i2tqb4xag2qcn7,u4188,4205,4175,4214,4220,4253,4254,Female,35,No,,No,No,No,no,No,,0,not close,Male,30,No,,No,No,No,no,No,,0,not close,Female,40,No,,No,No,No,no,No,,0,not close,Female,37,No,,No,No,No,no,No,,0,not close,Male,47,No,,No,No,No,no,No,,0,not close,Female,55,No,,No,No,No,no,No,,0,not close
302,zypc5bxj9p458ty,u4189,,,,,,,N/A,,N/A,,N/A,N/A,N/A,,N/A,,,,N/A,,N/A,,N/A,N/A,N/A,,N/A,,,,N/A,,N/A,,N/A,N/A,N/A,,N/A,,,,N/A,,N/A,,N/A,N/A,N/A,,N/A,,,,N/A,,N/A,,N/A,N/A,N/A,,N/A,,,,N/A,,N/A,,N/A,N/A,N/A,,N/A,,,
270,cyfcjf7vzv7bje9,u4190,4134,4140,4216,4224,4245,4256,Female,25,No,,No,No,No,no,No,,1,not close,Female,29,Yes,"Alcohol, cigarettes",Yes,No,No,no,No,,0,not close,Male,60,No,,No,No,No,no,No,,0,not close,Female,30,No,,No,No,No,no,No,,0,not close,Male,37,No,,No,No,No,no,No,,5,not close,Female,25,No,,No,No,No,no,No,,5,not close
307,nnaysrz5ruu3cxp,u4193,4137,4182,4235,4153,4180,4182,Male,40,No,,No,No,No,little,No,,5,somewhat close,Male,40,No,,No,No,No,little,No,,5,somewhat close,Female,46,No,,No,No,No,no,No,,5,not close,Female,35,No,,No,No,No,no,No,,5,not close,Male,35,No,,No,No,No,no,No,,5,not close,Male,40,No,,No,No,No,little,No,,5,not close
261,tq3fhsgg6u9pyud,u4194,4189,4221,4209,4159,4173,4167,Female,23,No,,No,No,No,no,No,,1,not close,Female,21,No,,No,No,No,no,No,,1,not close,Male,0,No,,No,No,No,no,No,,1,not close,Male,21,No,,No,No,No,no,No,,1,not close,Male,21,No,,No,No,No,no,No,,1,not close,Male,21,No,,No,No,No,no,No,,1,not close
404,z7pbc8rbx68xph4,u4196,4001,4001,4001,4001,4001,4001,Female,1,No,,No,No,No,no,No,,1,not close,Female,1,No,,No,No,No,no,No,,1,not close,Female,1,No,,No,No,No,no,No,,1,not close,Female,1,No,,No,No,No,no,No,,1,not close,Female,1,No,,No,No,No,no,No,,1,not close,Female,1,No,,No,No,No,no,No,,1,not close
259,b52bze8i8zvu57y,u4199,4130,4167,4174,4185,4225,4227,Female,20,No,,No,No,No,no,No,,0,not close,Male,25,No,,No,No,No,no,No,,0,not close,Male,40,No,,No,No,No,no,No,,0,not close,Female,30,No,,No,No,No,no,No,,0,not close,Male,30,No,,No,No,No,no,No,,0,not close,Male,30,No,,No,No,No,no,No,,0,not close
386,ice4g7skjbejtns,u4200,4142,4148,4168,4182,4219,4236,Male,23,No,,No,No,No,no,No,,0,not close,Female,30,No,,No,No,No,no,No,,0,not close,Male,35,No,,No,No,No,no,No,,0,not close,Male,50,No,,No,No,No,no,No,,0,not close,Male,43,No,,No,No,No,no,No,,0,not close,Female,27,No,,No,No,No,no,No,,0,not close
417,scbvjiv9j42sjpn,u4201,4016,4018,4015,4222,4101,4025,Male,1,No,,No,No,No,no,No,,1,not close,Female,1,No,,No,No,No,no,No,,1,not close,Male,1,No,,No,No,No,no,No,,1,not close,Female,1,No,,No,No,No,no,No,,1,not close,Male,1,No,,No,No,No,no,No,,1,not close,Female,1,No,,No,No,No,no,No,,1,not close
413,6d6s7k5mux5gss8,u4203,4140,4155,4159,4165,4174,4234,Female,4,No,,No,No,No,no,No,,0,not close,Male,3,No,,No,No,No,no,No,,0,not close,Male,0,No,,No,No,No,no,No,,0,not close,Male,0,No,,No,No,No,no,No,,0,not close,Male,2,No,,No,No,No,no,No,,5,somewhat close,Male,1,No,,No,No,No,no,No,,0,not close
255,eb2rmg5rrg4q9w7,u4204,4205,4205,4205,4205,4205,4205,Female,37,No,,No,No,No,no,No,,0,not close,Female,37,No,,No,No,No,no,No,,0,not close,Female,37,No,,No,No,No,no,No,,0,not close,Female,37,No,,No,No,No,no,No,,0,not close,Female,37,No,,No,No,No,no,No,,0,not close,Female,37,No,,No,No,No,no,No,,0,not close
333,kh5uym6ihxtt2fr,u4207,4019,4012,4013,4014,4015,4016,Female,45,No,,No,No,No,no,No,,0,not close,Male,34,No,,No,No,No,no,No,,3,not close,Male,2,No,,No,No,No,no,No,,2,not close,Male,34,Yes,Weed,No,No,No,no,No,,3,not close,Male,55,No,,No,No,No,no,No,,3,not close,Male,55,No,,No,No,No,no,No,,33,not close
220,s7u72zz8wgwf6hg,u4208,,,,,,,N/A,,N/A,,N/A,N/A,N/A,,N/A,,,,N/A,,N/A,,N/A,N/A,N/A,,N/A,,,,N/A,,N/A,,N/A,N/A,N/A,,N/A,,,,N/A,,N/A,,N/A,N/A,N/A,,N/A,,,,N/A,,N/A,,N/A,N/A,N/A,,N/A,,,,N/A,,N/A,,N/A,N/A,N/A,,N/A,,,
380,jkzmpy7xniz5d5y,u4209,4221,4229,4132,4147,4194,4217,Female,30,No,,No,No,No,no,No,,1,not close,Female,55,No,,No,No,No,no,No,,0,not close,Male,40,No,,No,No,No,no,No,,0,not close,Female,0,No,,No,No,No,no,No,,0,not close,Male,0,No,,No,No,No,no,No,,0,not close,Male,53,No,,No,No,No,no,No,,0,not close
367,gfj24yznuix7bjz,u4210,4001,4002,4002,4003,4004,4005,Female,1,No,,No,No,No,no,No,,1,not close,Female,1,No,,No,No,No,no,No,,5,not close,Female,21,No,,No,No,No,no,No,,5,not close,Female,21,No,,No,No,No,no,No,,5,not close,Female,21,No,,No,No,No,no,No,,5,not close,Female,21,No,,No,No,No,no,No,,6,not close
374,iaksftt2n86qk49,u4212,4142,4157,4179,4208,4215,4236,Male,30,No,,No,No,No,no,No,,0,not close,Female,40,No,,No,No,No,no,No,,0,not close,Male,40,No,,No,No,No,no,No,,0,not close,Male,30,No,,No,No,No,no,No,,0,not close,Male,35,No,,No,No,No,no,No,,0,not close,Male,30,No,,No,No,No,no,No,,0,not close
419,i6dwnuxcuu8pr68,u4215,4137,4195,4197,4212,4237,4241,Male,45,No,,No,No,Yes,no,No,,1,somewhat close,Female,30,No,,No,No,No,no,No,,0,not close,Female,35,No,,No,No,No,no,No,,0,not close,Male,45,No,,No,No,No,no,No,,1,not close,Male,40,No,,No,No,Yes,no,No,,1,somewhat close,Female,35,No,,No,No,No,no,No,,0,not close
340,mtigeurcbp66nrm,u4216,4229,4229,4229,4229,4223,4228,Female,50,No,,No,No,No,no,No,,0,not close,Female,50,No,,No,No,No,no,No,,1,not close,Female,50,No,,No,No,No,no,No,,1,not close,Female,50,No,,No,No,No,no,No,,1,not close,Female,45,No,,No,No,No,no,No,,1,not close,Male,45,No,,No,No,No,no,No,,1,not close
390,2pwk6ttzrn5mvea,u4217,4136,4140,4161,4166,4209,4241,Female,20,No,,No,No,No,no,No,,0,not close,Female,25,No,,No,No,No,some,No,,0,somewhat close,Male,40,No,,No,No,No,no,No,,0,not close,Female,25,No,,No,No,No,no,No,,0,not close,Male,20,No,,No,No,No,no,No,,0,not close,Female,30,No,,No,No,No,no,No,,0,not close
337,4gcgb4xu3zmpe7u,u4220,4135,4173,4188,4191,4225,4233,Female,0,No,,No,No,No,no,No,,0,not close,Female,0,No,,No,No,No,no,No,,0,not close,Female,0,No,,No,No,No,no,No,,0,not close,Female,0,No,,No,No,No,no,No,,0,not close,Female,0,No,,No,No,No,no,No,,0,not close,Female,0,No,,No,No,No,no,No,,0,not close
414,p5rgmz22wz6jy7e,u4221,4132,4143,4144,4209,4194,4211,Male,45,No,,No,No,No,no,No,,0,not close,Female,40,Yes,alcohol,Yes,No,No,no,No,,0,not close,Female,36,Yes,alcohol opiates,Yes,No,No,no,No,,0,not close,Male,37,No,,No,No,No,no,No,,0,somewhat close,Male,55,Yes,drugs and or alcohol,Yes,No,No,no,No,,0,not close,Female,30,Yes,dont know,Yes,No,No,no,No,,0,not close
395,x379kscpjfe8qns,u4222,4163,4167,4172,4189,4193,4249,Male,42,No,,No,No,No,no,No,,5,not close,Male,40,No,,No,No,No,no,No,,5,not close,Male,45,No,,No,No,No,no,No,,5,not close,Male,50,No,,No,No,No,no,No,,5,not close,Male,50,No,,No,No,No,no,No,,5,not close,Male,55,No,,No,No,No,no,No,,5,not close
370,4f9yraevczeaxzf,u4223,4140,4141,4151,4182,4224,4251,Female,30,No,,No,No,No,no,No,,6,not close,Female,32,No,,No,No,No,no,No,,5,not close,Female,35,No,,No,No,No,no,No,,6,not close,Male,40,No,,No,No,No,no,No,,6,not close,Female,33,No,,No,No,No,no,No,,5,not close,Male,44,No,,No,No,No,no,No,,5,not close
305,ziusyjrdjv8y7bd,u4224,4178,4190,4223,4228,4231,4239,Male,25,No,,No,No,No,no,No,,0,not close,Female,40,No,,No,No,No,no,No,,0,not close,Male,25,No,,No,No,No,no,No,,0,not close,Male,50,No,,No,No,No,no,No,,0,not close,Male,30,No,,No,No,No,no,No,,0,not close,Female,45,No,,No,No,No,no,No,,0,not close
286,jsjqiyxwnk28jet,u4228,4181,4195,4229,4224,4235,4237,Male,0,No,,No,No,No,no,No,,0,not close,Male,0,No,,No,No,No,no,No,,0,not close,Female,28,No,,No,No,No,no,No,,3,somewhat close,Female,43,No,,No,No,No,some,No,,4,somewhat close,Female,44,No,,No,No,No,some,No,,4,somewhat close,Male,45,No,,No,No,No,little,No,,3,not close
388,ewegnk77z4rqy8w,u4229,4228,4209,4238,4187,4216,4176,Male,55,No,,No,No,No,no,No,,3,not close,Male,30,Yes,alcohol,No,No,No,no,No,,0,not close,Male,58,No,,No,No,No,no,No,,3,not close,Female,35,No,,No,No,No,no,No,,0,not close,Male,59,No,,No,No,No,no,No,,2,not close,Male,0,No,,No,No,No,no,No,,0,not close
263,jzze2xiynbyw4hx,u4230,4192,4152,4181,4185,4235,4250,Male,23,No,,No,No,No,no,No,,0,not close,Male,21,No,,No,No,No,no,No,,0,not close,Female,24,No,,No,No,No,no,No,,0,not close,Female,25,No,,No,No,No,no,No,,0,not close,Female,26,No,,No,No,No,no,No,,0,not close,Female,27,No,,No,No,No,no,No,,0,not close
236,aav3kxdhhi9fr6y,u4231,3001,3002,3003,3004,3005,3006,Male,50,No,,No,No,No,no,No,,7,not close,N/A,,N/A,,N/A,N/A,N/A,,N/A,,,,N/A,,N/A,,N/A,N/A,N/A,,N/A,,,,N/A,,N/A,,N/A,N/A,N/A,,N/A,,,,N/A,,N/A,,N/A,N/A,N/A,,N/A,,,,N/A,,N/A,,N/A,N/A,N/A,,N/A,,,
416,idn27xmk42q3fp2,u4232,4139,4156,4178,4180,4182,4193,Female,40,No,,No,No,No,no,No,,0,not close,Female,30,No,,No,No,No,no,No,,0,not close,Male,35,No,,No,No,No,no,No,,0,not close,Male,35,No,,No,No,No,no,No,,0,not close,Male,45,No,,No,No,No,no,No,,0,not close,Male,65,No,,No,No,No,no,No,,0,not close
339,ish42zejwvzjm5g,u4234,4140,4149,4173,4182,4184,4203,Female,25,Yes,alcohol,No,No,No,no,No,,5,not close,Female,0,No,,No,No,No,no,No,,5,not close,Female,0,No,,No,No,No,no,No,,5,not close,Male,0,No,,No,No,No,no,No,,5,not close,Male,0,No,,No,No,No,no,No,,0,not close,Female,0,No,,No,No,No,no,No,,5,not close
264,jjpazna5avb9shp,u4235,4171,4177,4180,4193,4228,4230,Female,40,No,,No,No,No,no,No,,0,not close,Female,40,No,,No,No,No,no,No,,0,not close,Female,40,No,,No,No,No,no,No,,0,not close,Female,40,No,,No,No,No,no,No,,0,not close,Female,40,No,,No,No,No,no,No,,0,not close,Female,40,No,,No,No,No,no,No,,0,not close
357,zir8i9rj2q8wbf4,u4236,4200,4212,4157,4227,4181,4210,Male,48,No,,No,No,No,no,No,,15,somewhat close,Female,36,No,,No,No,No,little,No,,15,somewhat close,Female,38,No,,No,No,No,little,No,,15,somewhat close,Female,42,No,,No,No,No,little,No,,15,somewhat close,Male,52,No,,No,No,No,no,No,,15,somewhat close,Male,50,No,,No,No,No,no,No,,20,somewhat close
342,wnn4q56e38nx2hi,u4237,4164,4185,4186,4215,4228,4244,Male,40,No,,No,No,No,no,No,,0,not close,Female,30,No,,No,No,No,no,No,,0,not close,Male,30,No,,No,No,No,no,No,,0,not close,Male,50,No,,No,No,No,no,No,,0,not close,Male,50,No,,No,No,No,no,No,,0,not close,Female,40,No,,No,No,No,no,No,,0,not close
418,4g35f27by72f36f,u4238,4184,4187,4218,4229,4247,4252,Male,100,No,,No,No,No,no,No,,5,not close,Female,0,No,,No,No,No,no,No,,5,not close,Female,0,No,,No,No,No,no,No,,5,not close,Female,40,Yes,Alcohol,No,No,No,no,No,,5,not close,Male,0,No,,No,No,No,no,No,,5,not close,Male,0,No,,No,No,No,no,No,,5,not close
412,b3pbxefwvbwz9d8,u4239,4001,4026,4125,4255,4155,4175,Female,40,No,,No,No,No,no,No,,0,not close,Female,25,No,,No,No,No,no,No,,0,not close,Female,45,No,,No,No,No,no,No,,0,not close,Female,35,No,,No,No,No,no,No,,0,not close,Female,27,No,,No,No,No,no,No,,0,not close,Female,37,No,,No,No,No,no,No,,0,not close
246,ury8ayy562nghjj,u4240,3138,3142,3191,3219,3245,3246,Female,48,No,,No,No,No,no,No,,5,not close,Female,18,No,,No,No,No,no,No,,0,not close,Female,18,No,,No,No,No,no,No,,0,not close,Male,18,No,,No,No,No,no,No,,0,not close,Male,50,No,,No,No,No,no,No,,0,not close,Female,45,No,,No,No,No,no,No,,0,not close
359,q25sqifc9mib6g8,u4242,4133,4157,4159,4177,4187,4206,Male,30,No,,No,No,No,no,No,,5,not close,Female,33,No,,No,No,No,no,No,,5,not close,Male,32,No,,No,No,No,no,No,,5,not close,Male,42,No,,No,No,No,no,No,,5,not close,Male,41,No,,No,No,No,no,No,,5,not close,Female,44,No,,No,No,No,no,No,,5,not close
260,fw486rcaaasywnz,u4245,4164,4172,4183,4190,4201,4240,Male,38,No,,No,No,Yes,no,No,,1,not close,Male,50,No,,No,No,No,no,No,,1,not close,Female,30,No,,No,No,Yes,no,No,,1,not close,Female,38,No,,No,No,No,no,No,,1,not close,Male,35,No,,No,No,No,no,No,,1,not close,Male,35,No,,No,No,No,no,No,,1,not close
300,risfti5sbmiga6m,u4246,4135,4138,4161,4183,4231,4240,Male,45,No,,No,No,No,no,No,,10,not close,Female,35,No,,No,No,No,no,No,,10,somewhat close,Male,60,Yes,Alcohol,No,No,No,no,No,,10,somewhat close,Female,27,Yes,Marijuana,No,No,No,no,No,,10,somewhat close,Male,48,Yes,Cocaine,No,No,No,no,No,,10,not close,Male,45,No,,No,No,No,no,No,,10,not close
291,u9uvuie33zp4bta,u4247,4174,4172,4253,4207,4247,4007,Male,56,No,,No,No,No,no,No,,1,not close,Male,40,No,,No,No,No,no,No,,1,not close,Male,55,No,,No,No,No,no,No,,1,not close,Male,50,No,,No,No,No,no,No,,1,not close,Male,55,No,,No,No,No,no,No,,1,not close,Male,45,No,,No,No,No,no,No,,1,not close
290,u2xhz8fhpx6dj2u,u4249,4136,4151,4218,4222,4239,4254,Male,30,No,,No,No,No,no,No,,5,not close,Female,30,No,,No,No,No,no,No,,5,not close,Male,30,No,,No,No,No,no,No,,5,not close,Male,40,No,,No,No,No,no,No,,5,not close,Female,35,No,,No,No,No,no,No,,5,not close,Female,40,No,,No,No,No,no,No,,5,not close
348,vxdkvztu5fuuzt7,u4250,4132,4150,4224,4230,4142,4171,Male,40,No,,No,No,No,no,No,,0,not close,Female,50,No,,No,No,No,no,No,,0,not close,Female,35,No,,No,No,No,no,No,,0,not close,Male,40,No,,No,No,No,no,No,,0,not close,Male,0,No,,No,No,No,no,No,,0,not close,Female,30,No,,No,No,No,no,No,,0,not close
326,gwvr5unzinzmesg,u4251,4133,4145,4170,4175,4201,4223,Male,38,No,,No,No,No,no,No,,2,not close,Female,38,No,,No,No,No,no,No,,3,not close,Male,24,Yes,marijuana,Yes,No,No,no,No,,2,not close,Female,38,No,,No,No,No,no,No,,2,not close,Female,30,No,,No,No,No,no,No,,2,not close,Female,28,No,,No,No,No,no,No,,2,not close
330,mqm8qhsrj6mms92,u4253,4253,4253,4253,4253,4253,4253,Male,39,No,,No,No,No,no,No,,0,not close,Male,39,No,,No,No,No,no,No,,0,not close,Male,39,No,,No,No,No,no,No,,0,not close,Male,39,No,,No,No,No,no,No,,0,not close,Male,39,No,,No,No,No,no,No,,0,not close,Male,39,No,,No,No,No,no,No,,0,not close
329,zumz56spz79sznh,u4254,4147,4152,4167,4188,4210,4249,Male,40,No,,Yes,No,No,no,No,,0,not close,Female,40,No,,Yes,No,No,no,No,,0,not close,Male,40,No,,Yes,No,No,no,No,,0,not close,Female,40,No,,No,No,No,no,No,,0,not close,Female,40,No,,No,No,No,no,No,,0,not close,Female,40,No,,No,No,No,no,No,,0,not close
297,e4q6ckn4u8byvu5,u4255,4256,4230,4235,4236,4225,4222,Male,45,No,,No,No,No,no,No,,5,not close,Female,32,No,,No,No,No,no,No,,5,not close,Male,25,No,,No,No,No,no,No,,5,not close,Male,22,No,,No,No,No,no,No,,5,not close,Female,39,No,,No,No,No,no,No,,5,very close,Male,20,No,,No,No,No,no,No,,5,not close
415,qgq3zdwp63f6cks,u4256,4001,4020,4031,4033,4200,4210,Female,34,Yes,alcohol,Yes,No,No,no,No,,0,not close,Male,45,No,,No,No,No,no,No,,0,not close,Female,47,No,,No,No,No,no,No,,0,not close,Female,50,Yes,alcohol,No,No,No,no,No,,0,not close,Female,35,No,,No,No,No,no,No,,0,not close,Male,38,Yes,alcohol,Yes,No,No,no,No,,0,not close
