id,title,file,created
u1111,"Sharing news story: Behavioral Therapy Helps More Than Drugs For Dementia Patients",<news>,"2016-05-24 18:12:55"
u4007,"Sharing news story: Definition of Recovery",<news>,"2016-04-12 20:43:56"
u4008,"Taking TES module: "Sharing Feelings"",<TES>,"2016-05-10 02:47:35"
u4009,"Sharing news story: 10 Questions Some Doctors Are Afraid To Ask",<news>,"2016-04-12 01:21:13"
u4009,"Taking TES module: "Conducting a Functional Analysis"",<TES>,"2016-04-20 20:57:54"
u4009,"Taking TES module: "Drug Refusal Skills Training"",<TES>,"2016-05-01 01:24:01"
u4009,"Taking TES module: "Effective Problem Solving"",<TES>,"2016-04-22 03:45:57"
u4009,"Taking TES module: "Identifying and Managing Triggers for Risky Drug Use"",<TES>,"2016-05-03 01:33:49"
u4009,"Taking TES module: "Introduction to Problem Solving"",<TES>,"2016-04-22 03:35:52"
u4009,"Taking TES module: "Managing Thoughts About Using"",<TES>,"2016-05-09 19:35:39"
u4009,"Taking TES module: "Seemingly Irrelevant Decisions"",<TES>,"2016-05-09 19:41:20"
u4009,"Taking TES module: "Self-Management Planning"",<TES>,"2016-05-01 01:26:24"
u4009,"Taking TES module: "Training Module"",<TES>,"2016-04-20 20:44:43"
u4009,"Taking TES module: "What is a Functional Analysis"",<TES>,"2016-04-20 20:46:45"
u4012,"Sharing success story: Lorna's Story",<news>,"2016-05-18 20:58:46"
u4012,"Sharing success story: Stephanie's Story",<news>,"2016-05-18 20:59:09"
u4013,"Sharing success story: Ann's Story",<news>,"2016-06-20 21:31:37"
u4013,"Sharing success story: Anthony's Story",<news>,"2016-06-20 21:33:08"
u4013,"Sharing success story: Bob's Story",<news>,"2016-06-20 21:32:35"
u4013,"Sharing success story: Lorna's Story",<news>,"2016-06-20 21:29:14"
u4013,"Sharing success story: Maggie's Story",<news>,"2016-06-20 21:33:49"
u4013,"Sharing success story: Vander's Story",<news>,"2016-06-20 21:30:39"
u4014,"Sharing success story: Ed's Story",<news>,"2016-04-18 23:11:15"
u4014,"Sharing success story: Stephanie's Story",<news>,"2016-05-22 18:14:15"
u4016,"Sharing news story: 10 Questions Some Doctors Are Afraid To Ask",<news>,"2016-05-28 13:12:51"
u4016,"Sharing news story: Drinkaware launches mobile app to help people cut down",<news>,"2016-05-28 13:11:58"
u4016,"Sharing news story: No Coordination of Services for People with Serious Mental Illness",<news>,"2016-05-28 13:11:08"
u4016,"Taking TES module: "Coping with Thoughts About Using"",<TES>,"2016-05-28 13:02:03"
u4019,"Sharing news story: April Marks 29th Alcohol Awareness Month",<news>,"2016-04-11 14:05:22"
u4021,"Sharing news story: April Marks 29th Alcohol Awareness Month",<news>,"2016-04-11 21:41:35"
u4021,"Sharing news story: Definition of Recovery",<news>,"2016-04-11 21:49:30"
u4021,"Sharing news story: Study on Cocaine Use Could Help Explain Destructive Decisions by Users",<news>,"2016-04-11 21:47:52"
u4021,"Sharing news story: The price of honesty",<news>,"2016-04-11 21:51:34"
u4022,"Taking TES module: "Training Module"",<TES>,"2016-04-19 01:24:05"
u4026,"Taking TES module: "Relationship Counseling - Part 3"",<TES>,"2016-05-02 18:10:43"
u4026,"Taking TES module: "What is a Functional Analysis"",<TES>,"2016-05-07 02:26:42"
u4027,"Sharing news story: Definition of Recovery",<news>,"2016-04-15 12:57:05"
u4027,"Sharing news story: Dump The Lumps: The World Health Organization Says Eat Less Sugar",<news>,"2016-04-15 12:55:20"
u4027,"Sharing news story: Sobriety Does Not Have to be Main Goal of Alcoholism Treatments, FDA Says",<news>,"2016-04-23 23:17:59"
u4027,"Sharing success story: CameToBelieve's Story",<news>,"2016-07-15 19:27:44"
u4027,"Sharing success story: Christa's Story",<news>,"2016-07-15 19:29:57"
u4027,"Sharing success story: CW's Story",<news>,"2016-07-15 19:29:45"
u4027,"Sharing success story: Ginny's Story",<news>,"2016-04-15 12:47:33"
u4027,"Sharing success story: Lorna's Story",<news>,"2016-04-15 12:51:58"
u4027,"Sharing success story: Maggie's Story",<news>,"2016-04-15 12:53:49"
u4027,"Sharing success story: Marcia's Story",<news>,"2016-04-15 12:51:48"
u4027,"Sharing success story: Samuel's Story",<news>,"2016-07-15 19:25:20"
u4027,"Sharing success story: Terri's Story",<news>,"2016-04-15 12:47:49"
u4027,"Sharing success story: Vander's Story",<news>,"2016-04-15 12:53:00"
u4027,"Taking TES module: "Training Module"",<TES>,"2016-04-15 13:26:40"
u4028,"Sharing news story: 10 Questions Some Doctors Are Afraid To Ask",<news>,"2016-04-12 07:19:54"
u4028,"Sharing news story: Definition of Recovery",<news>,"2016-05-01 20:02:52"
u4028,"Sharing news story: Sobriety Does Not Have to be Main Goal of Alcoholism Treatments, FDA Says",<news>,"2016-04-22 20:07:52"
u4028,"Sharing news story: Teen prescription opioid abuse, cigarette, and alcohol use trends down",<news>,"2016-04-12 07:20:31"
u4029,"Sharing news story: 10 Questions Some Doctors Are Afraid To Ask",<news>,"2016-05-02 04:35:02"
u4029,"Sharing news story: The price of honesty",<news>,"2016-05-14 20:05:56"
u4029,"Taking TES module: "Drug Refusal Skills Training"",<TES>,"2016-05-21 16:41:28"
u4029,"Taking TES module: "Self-Management Planning"",<TES>,"2016-07-10 16:40:08"
u4030,"Sharing news story: Dump The Lumps: The World Health Organization Says Eat Less Sugar",<news>,"2016-05-18 17:37:28"
u4030,"Sharing news story: The price of honesty",<news>,"2016-04-22 22:17:30"
u4030,"Taking TES module: "Financial Management"",<TES>,"2016-05-24 23:32:48"
u4032,"Sharing success story: Joe's Story",<news>,"2016-05-30 23:06:03"
u4032,"Sharing success story: Lorna's Story",<news>,"2016-05-30 23:04:39"
u4032,"Taking TES module: "Conducting a Functional Analysis"",<TES>,"2016-05-11 00:09:50"
u4032,"Taking TES module: "Effective Problem Solving"",<TES>,"2016-05-11 00:52:04"
u4032,"Taking TES module: "Introduction to Problem Solving"",<TES>,"2016-05-11 00:46:19"
u4032,"Taking TES module: "Self-Management Planning"",<TES>,"2016-05-11 01:03:23"
u4032,"Taking TES module: "Training Module"",<TES>,"2016-05-11 00:10:55"
u4032,"Taking TES module: "What is a Functional Analysis"",<TES>,"2016-05-11 00:09:08"
u4033,"Sharing success story: Annemarie's Story",<news>,"2016-04-15 14:26:34"
u4033,"Sharing success story: Anthony's Story",<news>,"2016-04-12 23:07:33"
u4033,"Sharing success story: Brooklyn's Story",<news>,"2016-04-15 14:26:24"
u4033,"Sharing success story: Dana's Story",<news>,"2016-04-15 14:26:24"
u4033,"Sharing success story: Elizabeth's Story",<news>,"2016-05-24 01:26:10"
u4033,"Sharing success story: Holly's Story",<news>,"2016-04-15 14:26:29"
u4033,"Sharing success story: Lorna's Story",<news>,"2016-05-30 22:33:45"
u4033,"Taking TES module: "Self-Management Planning"",<TES>,"2016-04-19 04:20:32"
u4033,"Taking TES module: "Training Module"",<TES>,"2016-04-19 04:20:48"
u4034,"Sharing success story: Annemarie's Story",<news>,"2016-06-14 16:37:06"
u4034,"Sharing success story: Bob's Story",<news>,"2016-06-14 16:36:36"
u4034,"Sharing success story: Dana's Story",<news>,"2016-06-14 16:36:29"
u4034,"Sharing success story: Dee's Story",<news>,"2016-06-14 16:37:56"
u4034,"Sharing success story: Jeff B.'s Story",<news>,"2016-06-14 16:37:10"
u4034,"Sharing success story: Marcia's Story",<news>,"2016-06-14 16:36:53"
u4035,"Sharing success story: Anthony's Story",<news>,"2016-04-11 16:37:06"
u4035,"Sharing success story: Brooklyn's Story",<news>,"2016-04-11 16:36:14"
u4035,"Sharing success story: Elizabeth's Story",<news>,"2016-05-16 15:04:08"
u4035,"Sharing success story: Lorna's Story",<news>,"2016-06-20 15:09:07"
u4035,"Taking TES module: "Decision-making Skills"",<TES>,"2016-04-12 14:48:37"
u4035,"Taking TES module: "Identifying and Managing Triggers for Risky Drug Use"",<TES>,"2016-04-19 18:39:10"
u4037,"Sharing success story: Bob's Story",<news>,"2016-06-27 14:26:08"
u4037,"Sharing success story: Brooklyn's Story",<news>,"2016-07-19 00:03:44"
u4037,"Sharing success story: CameToBelieve's Story",<news>,"2016-06-27 14:26:16"
u4037,"Sharing success story: Dee's Story",<news>,"2016-06-20 16:05:17"
u4037,"Sharing success story: Lorna's Story",<news>,"2016-06-27 14:26:15"
u4037,"Sharing success story: Vander's Story",<news>,"2016-06-27 14:26:11"
u4038,"Sharing news story: Definition of Recovery",<news>,"2016-04-12 16:53:21"
u4038,"Sharing success story: Annemarie's Story",<news>,"2016-04-20 19:34:26"
u4038,"Sharing success story: CameToBelieve's Story",<news>,"2016-04-16 15:40:35"
u4038,"Sharing success story: Free's Story",<news>,"2016-04-16 15:43:19"
u4038,"Sharing success story: Lorna's Story",<news>,"2016-04-16 15:39:05"
u4038,"Taking TES module: "Introduction to Giving Criticism"",<TES>,"2016-04-16 15:32:12"
u4038,"Taking TES module: "Receiving Criticism"",<TES>,"2016-04-12 16:51:33"
u4039,"Sharing success story: Dana's Story",<news>,"2016-05-13 09:52:48"
u4039,"Taking TES module: "Financial Management"",<TES>,"2016-05-22 03:00:50"
u4039,"Taking TES module: "Vocational Counseling"",<TES>,"2016-05-22 03:00:20"
u4040,"Sharing news story: Do you know what your brain knows?",<news>,"2016-04-25 02:14:21"
u4040,"Sharing news story: Nationwide survey reveals widespread use of mind and body practices",<news>,"2016-04-25 02:14:50"
u4040,"Sharing success story: Bob's Story",<news>,"2016-06-27 14:26:53"
u4040,"Sharing success story: CameToBelieve's Story",<news>,"2016-06-27 14:26:30"
u4040,"Sharing success story: CW's Story",<news>,"2016-06-27 14:27:11"
u4040,"Sharing success story: Dee's Story",<news>,"2016-06-27 14:26:11"
u4040,"Taking TES module: "Drug Refusal Skills Training"",<TES>,"2016-06-27 14:51:57"
u4040,"Taking TES module: "Increasing self-confidence in decision-making"",<TES>,"2016-06-27 14:54:05"
u4040,"Taking TES module: "Progressive Muscle Relaxation Generalization Training"",<TES>,"2016-06-27 14:49:19"
u4040,"Taking TES module: "Progressive Muscle Relaxation Training"",<TES>,"2016-06-27 14:49:24"
u4040,"Taking TES module: "Relationship Counseling - Part 1"",<TES>,"2016-06-27 14:43:29"
u4040,"Taking TES module: "Selecting and correctly using condoms"",<TES>,"2016-06-27 14:32:37"
u4040,"Taking TES module: "Training Module"",<TES>,"2016-04-25 02:15:27"
u4041,"Sharing success story: CameToBelieve's Story",<news>,"2016-04-12 22:07:38"
u4041,"Sharing success story: Lorna's Story",<news>,"2016-04-12 22:07:11"
u4044,"Sharing news story: Definition of Recovery",<news>,"2016-04-15 01:58:11"
u4044,"Sharing news story: The price of honesty",<news>,"2016-04-17 08:12:43"
u4044,"Taking TES module: "Receiving Criticism"",<TES>,"2016-04-21 06:51:09"
u4046,"Sharing news story: The price of honesty",<news>,"2016-04-16 15:35:41"
u4046,"Sharing success story: CameToBelieve's Story",<news>,"2016-04-15 17:35:42"
u4046,"Sharing success story: Ginny's Story",<news>,"2016-06-22 18:01:14"
u4046,"Sharing success story: Holly's Story",<news>,"2016-06-22 17:51:19"
u4046,"Sharing success story: HowlandWoof's Story",<news>,"2016-06-22 18:04:36"
u4046,"Sharing success story: Janis's Story",<news>,"2016-06-22 18:09:55"
u4046,"Sharing success story: Regina's Story",<news>,"2016-06-22 17:56:34"
u4046,"Sharing success story: Vander's Story",<news>,"2016-06-22 17:58:50"
u4046,"Taking TES module: "Receiving Criticism"",<TES>,"2016-04-20 18:35:22"
u4046,"Taking TES module: "Training Module"",<TES>,"2016-04-26 02:34:48"
u4046,"Taking TES module: "What is a Functional Analysis"",<TES>,"2016-04-26 03:03:34"
u4049,"Taking TES module: "Training Module"",<TES>,"2016-04-17 02:53:50"
u4050,"Sharing success story: CameToBelieve's Story",<news>,"2016-07-06 21:58:03"
u4050,"Sharing success story: Free's Story",<news>,"2016-04-14 16:50:07"
u4051,"Sharing success story: Free's Story",<news>,"2016-05-01 21:34:10"
u4052,"Sharing success story: Free's Story",<news>,"2016-04-14 11:19:26"
u4054,"Sharing success story: CameToBelieve's Story",<news>,"2016-04-30 12:30:58"
u4054,"Sharing success story: Free's Story",<news>,"2016-04-16 01:29:21"
u4054,"Sharing success story: Lorna's Story",<news>,"2016-04-30 12:30:32"
u4054,"Sharing success story: Vander's Story",<news>,"2016-04-30 12:30:51"
u4055,"Sharing success story: Carl's Story",<news>,"2016-04-14 03:02:26"
u4055,"Sharing success story: Free's Story",<news>,"2016-04-14 03:01:59"
u4055,"Sharing success story: Maggie's Story",<news>,"2016-04-14 03:02:37"
u4055,"Sharing success story: Vander's Story",<news>,"2016-04-14 03:02:19"
u4055,"Sharing success story: Walter's Story",<news>,"2016-04-14 03:02:31"
u4056,"Sharing success story: Free's Story",<news>,"2016-04-14 23:45:19"
u4057,"Sharing success story: Annemarie's Story",<news>,"2016-05-21 12:41:45"
u4057,"Sharing success story: Jeff B.'s Story",<news>,"2016-05-21 12:41:43"
u4057,"Sharing success story: Lorna's Story",<news>,"2016-05-21 12:41:12"
u4057,"Sharing success story: N.B.'s Story",<news>,"2016-05-21 12:41:37"
u4057,"Sharing success story: Terri's Story",<news>,"2016-06-04 14:35:17"
u4057,"Sharing success story: Vander's Story",<news>,"2016-05-21 12:41:25"
u4058,"Sharing success story: Annemarie's Story",<news>,"2016-04-18 10:55:01"
u4058,"Sharing success story: CameToBelieve's Story",<news>,"2016-04-18 10:55:06"
u4058,"Sharing success story: Free's Story",<news>,"2016-04-18 10:52:41"
u4058,"Sharing success story: Lorna's Story",<news>,"2016-04-18 10:53:28"
u4058,"Sharing success story: Terri's Story",<news>,"2016-04-18 10:52:49"
u4059,"Sharing success story: Free's Story",<news>,"2016-06-22 02:12:34"
u4059,"Sharing success story: Terri's Story",<news>,"2016-05-15 22:46:50"
u4060,"Sharing news story: Smoking-Related Deaths Significantly Underestimated",<news>,"2016-04-21 11:46:57"
u4060,"Sharing success story: Amy's Story",<news>,"2016-04-19 12:21:46"
u4060,"Sharing success story: Ann's Story",<news>,"2016-04-19 12:19:58"
u4060,"Sharing success story: Annemarie's Story",<news>,"2016-04-19 12:19:31"
u4060,"Sharing success story: Arnie's Story",<news>,"2016-04-19 12:22:04"
u4060,"Sharing success story: Bob's Story",<news>,"2016-04-19 12:21:33"
u4060,"Sharing success story: Brooklyn's Story",<news>,"2016-04-19 12:19:28"
u4060,"Sharing success story: CameToBelieve's Story",<news>,"2016-04-19 12:19:16"
u4060,"Sharing success story: Carl's Story",<news>,"2016-04-19 12:19:54"
u4060,"Sharing success story: Christa's Story",<news>,"2016-04-19 12:22:10"
u4060,"Sharing success story: CW's Story",<news>,"2016-04-19 12:21:27"
u4060,"Sharing success story: Dana's Story",<news>,"2016-04-19 12:19:11"
u4060,"Sharing success story: Dee's Story",<news>,"2016-04-19 12:19:22"
u4060,"Sharing success story: Ehsan's Story",<news>,"2016-04-19 12:22:12"
u4060,"Sharing success story: Free's Story",<news>,"2016-04-19 12:22:16"
u4060,"Sharing success story: Helen's Story",<news>,"2016-04-19 12:22:13"
u4060,"Sharing success story: Holly's Story",<news>,"2016-04-19 12:19:08"
u4060,"Sharing success story: HowlandWoof's Story",<news>,"2016-04-19 12:21:49"
u4060,"Sharing success story: Janis's Story",<news>,"2016-04-19 12:21:53"
u4060,"Sharing success story: Laura's Story",<news>,"2016-04-19 12:21:14"
u4060,"Sharing success story: Lorna's Story",<news>,"2016-04-19 12:19:02"
u4060,"Sharing success story: Lorrain's Story",<news>,"2016-04-19 12:21:44"
u4060,"Sharing success story: Maggie's Story",<news>,"2016-04-19 12:20:19"
u4060,"Sharing success story: Marcia's Story",<news>,"2016-04-19 12:22:20"
u4060,"Sharing success story: Michelle's Story",<news>,"2016-04-19 12:20:11"
u4060,"Sharing success story: Mike's Story",<news>,"2016-04-19 12:21:51"
u4060,"Sharing success story: N.B.'s Story",<news>,"2016-04-19 12:20:57"
u4060,"Sharing success story: Regina's Story",<news>,"2016-04-19 12:21:31"
u4060,"Sharing success story: Robert's Story",<news>,"2016-04-19 12:19:37"
u4060,"Sharing success story: Samuel's Story",<news>,"2016-04-19 12:20:42"
u4060,"Sharing success story: Stephanie B.'s Story",<news>,"2016-04-19 12:21:42"
u4060,"Sharing success story: Stephanie's Story",<news>,"2016-04-19 12:20:36"
u4060,"Sharing success story: Steve's Story",<news>,"2016-04-19 12:20:04"
u4060,"Sharing success story: Terri's Story",<news>,"2016-04-19 12:17:59"
u4060,"Sharing success story: Tony's Story",<news>,"2016-04-19 12:20:33"
u4060,"Sharing success story: Vander's Story",<news>,"2016-04-19 12:19:05"
u4060,"Sharing success story: Walter's Story",<news>,"2016-04-19 12:20:02"
u4060,"Sharing success story: Wendy's Story",<news>,"2016-04-19 12:19:49"
u4060,"Sharing success story: WhyNotMe's Story",<news>,"2016-04-19 12:19:44"
u4060,"Sharing success story: Zacherie's Story",<news>,"2016-04-19 12:20:25"
u4061,"Sharing news story: Smoking-Related Deaths Significantly Underestimated",<news>,"2016-04-20 02:28:46"
u4061,"Sharing success story: Free's Story",<news>,"2016-06-22 18:41:05"
u4061,"Sharing success story: Terri's Story",<news>,"2016-04-20 02:09:24"
u4063,"Sharing news story: Sobriety Does Not Have to be Main Goal of Alcoholism Treatments, FDA Says",<news>,"2016-04-24 16:10:20"
u4063,"Taking TES module: "Insomnia"",<TES>,"2016-04-24 16:15:47"
u4063,"Taking TES module: "Seemingly Irrelevant Decisions"",<TES>,"2016-04-24 16:09:18"
u4064,"Sharing news story: Smoking-Related Deaths Significantly Underestimated",<news>,"2016-04-14 01:49:22"
u4064,"Sharing success story: Bob's Story",<news>,"2016-04-14 00:45:30"
u4064,"Taking TES module: "Living with Hepatitis C: Coping skills "",<TES>,"2016-04-14 01:58:33"
u4065,"Taking TES module: "Training Module"",<TES>,"2016-04-19 18:29:16"
u4067,"Sharing news story: No Coordination of Services for People with Serious Mental Illness",<news>,"2016-06-02 13:46:12"
u4067,"Sharing success story: Amy's Story",<news>,"2016-04-14 16:56:43"
u4067,"Sharing success story: Bob's Story",<news>,"2016-04-12 19:52:35"
u4067,"Taking TES module: "Training Module"",<TES>,"2016-04-20 14:10:46"
u4067,"Taking TES module: "What is a Functional Analysis"",<TES>,"2016-04-20 14:13:06"
u4068,"Sharing success story: Bob's Story",<news>,"2016-06-28 18:50:55"
u4069,"Sharing success story: Bob's Story",<news>,"2016-04-14 17:05:23"
u4069,"Sharing success story: Lorna's Story",<news>,"2016-04-14 17:04:57"
u4069,"Sharing success story: Vander's Story",<news>,"2016-04-14 17:05:05"
u4069,"Taking TES module: "Training Module"",<TES>,"2016-04-25 23:49:18"
u4070,"Sharing success story: Bob's Story",<news>,"2016-06-28 00:14:53"
u4071,"Sharing success story: Bob's Story",<news>,"2016-07-08 00:24:17"
u4071,"Sharing success story: CameToBelieve's Story",<news>,"2016-07-08 00:24:24"
u4071,"Sharing success story: Dana's Story",<news>,"2016-07-08 00:24:10"
u4071,"Sharing success story: Holly's Story",<news>,"2016-07-08 00:24:04"
u4071,"Sharing success story: Lorna's Story",<news>,"2016-07-08 00:23:50"
u4071,"Taking TES module: "Introduction to Problem Solving"",<TES>,"2016-04-26 00:06:24"
u4071,"Taking TES module: "Training Module"",<TES>,"2016-04-26 00:06:10"
u4072,"Sharing success story: Ann's Story",<news>,"2016-07-07 14:28:21"
u4072,"Sharing success story: Brooklyn's Story",<news>,"2016-07-07 14:28:05"
u4072,"Sharing success story: Janis's Story",<news>,"2016-07-07 14:28:41"
u4072,"Sharing success story: Jeff B.'s Story",<news>,"2016-07-07 14:27:55"
u4072,"Sharing success story: Laura's Story",<news>,"2016-07-07 14:28:35"
u4072,"Sharing success story: Michelle's Story",<news>,"2016-07-07 14:28:25"
u4072,"Sharing success story: Steve's Story",<news>,"2016-07-07 14:28:34"
u4072,"Sharing success story: Terri's Story",<news>,"2016-07-07 14:28:15"
u4072,"Sharing success story: Walter's Story",<news>,"2016-07-07 14:28:23"
u4073,"Taking TES module: "Awareness of negative thinking"",<TES>,"2016-05-02 17:06:03"
u4073,"Taking TES module: "Conducting a Functional Analysis"",<TES>,"2016-04-26 13:42:06"
u4073,"Taking TES module: "Coping with Thoughts About Using"",<TES>,"2016-04-28 16:53:32"
u4073,"Taking TES module: "Decision-making Skills"",<TES>,"2016-04-29 16:47:21"
u4073,"Taking TES module: "Drug Refusal Skills Training"",<TES>,"2016-04-27 13:11:44"
u4073,"Taking TES module: "Effective Problem Solving"",<TES>,"2016-04-26 17:39:21"
u4073,"Taking TES module: "Identifying and Managing Triggers for Risky Drug Use"",<TES>,"2016-04-27 13:28:12"
u4073,"Taking TES module: "Increasing self-confidence in decision-making"",<TES>,"2016-05-02 13:28:31"
u4073,"Taking TES module: "Insomnia"",<TES>,"2016-05-04 14:29:43"
u4073,"Taking TES module: "Introduction to Problem Solving"",<TES>,"2016-04-26 14:43:04"
u4073,"Taking TES module: "Managing negative thinking"",<TES>,"2016-05-03 18:05:34"
u4073,"Taking TES module: "Managing Thoughts About Using"",<TES>,"2016-04-28 13:11:19"
u4073,"Taking TES module: "Seemingly Irrelevant Decisions"",<TES>,"2016-04-29 12:19:55"
u4073,"Taking TES module: "Self-Management Planning"",<TES>,"2016-04-26 17:49:27"
u4073,"Taking TES module: "Training Module"",<TES>,"2016-04-26 13:16:54"
u4073,"Taking TES module: "What is a Functional Analysis"",<TES>,"2016-04-26 13:23:31"
u4077,"Sharing news story: Alcohol related hospital admissions up by a third",<news>,"2016-04-26 22:27:20"
u4077,"Sharing news story: Definition of Recovery",<news>,"2016-04-26 22:27:41"
u4078,"Sharing news story: Eating habits, body fat related to differences in brain chemistry",<news>,"2016-05-03 15:34:39"
u4080,"Taking TES module: "Training Module"",<TES>,"2016-06-13 20:03:39"
u4083,"Sharing success story: Bob's Story",<news>,"2016-04-25 03:26:25"
u4087,"Taking TES module: "Training Module"",<TES>,"2016-04-18 19:26:30"
u4087,"Taking TES module: "What is a Functional Analysis"",<TES>,"2016-04-16 00:36:42"
u4089,"Sharing news story: Study on Cocaine Use Could Help Explain Destructive Decisions by Users",<news>,"2016-05-21 19:50:08"
u4089,"Taking TES module: "Conducting a Functional Analysis"",<TES>,"2016-04-15 12:59:45"
u4089,"Taking TES module: "Drug Refusal Skills Training"",<TES>,"2016-04-15 13:24:47"
u4089,"Taking TES module: "Effective Problem Solving"",<TES>,"2016-04-15 13:14:58"
u4089,"Taking TES module: "Identifying and Managing Triggers for Risky Drug Use"",<TES>,"2016-04-15 13:26:13"
u4089,"Taking TES module: "Introduction to Problem Solving"",<TES>,"2016-04-15 13:07:35"
u4089,"Taking TES module: "Managing Thoughts About Using"",<TES>,"2016-04-15 13:30:09"
u4089,"Taking TES module: "Seemingly Irrelevant Decisions"",<TES>,"2016-04-17 01:13:09"
u4089,"Taking TES module: "Self-Management Planning"",<TES>,"2016-04-15 13:22:50"
u4089,"Taking TES module: "Training Module"",<TES>,"2016-04-13 20:34:06"
u4089,"Taking TES module: "What is a Functional Analysis"",<TES>,"2016-04-13 20:34:34"
u4091,"Taking TES module: "Training Module"",<TES>,"2016-04-15 01:05:00"
u4092,"Taking TES module: "Alcohol and Disulfiram"",<TES>,"2016-04-14 20:36:48"
u4092,"Taking TES module: "Conducting a Functional Analysis"",<TES>,"2016-04-13 00:37:49"
u4092,"Taking TES module: "Introduction to Problem Solving"",<TES>,"2016-04-13 00:59:38"
u4092,"Taking TES module: "Introduction to Relaxation Training"",<TES>,"2016-05-08 20:28:10"
u4092,"Taking TES module: "Training Module"",<TES>,"2016-04-13 00:07:36"
u4092,"Taking TES module: "What is a Functional Analysis"",<TES>,"2016-04-13 00:29:25"
u4093,"Taking TES module: "Training Module"",<TES>,"2016-04-16 13:05:57"
u4095,"Sharing news story: Alcohol related hospital admissions up by a third",<news>,"2016-04-23 23:09:39"
u4095,"Sharing news story: Definition of Recovery",<news>,"2016-04-18 14:03:11"
u4095,"Sharing news story: Do you know what your brain knows?",<news>,"2016-04-23 23:09:58"
u4095,"Sharing success story: Lorna's Story",<news>,"2016-04-23 23:32:33"
u4095,"Taking TES module: "The Female Condom"",<TES>,"2016-07-22 21:43:53"
u4095,"Taking TES module: "Training Module"",<TES>,"2016-04-23 23:10:22"
u4097,"Sharing news story: Definition of Recovery",<news>,"2016-04-13 23:23:54"
u4097,"Taking TES module: "Alcohol and Disulfiram"",<TES>,"2016-05-24 12:26:01"
u4097,"Taking TES module: "Training Module"",<TES>,"2016-04-11 15:11:32"
u4097,"Taking TES module: "What is a Functional Analysis"",<TES>,"2016-04-11 15:13:58"
u4102,"Sharing success story: Bob's Story",<news>,"2016-04-21 22:26:39"
u4102,"Sharing success story: CameToBelieve's Story",<news>,"2016-04-21 22:27:16"
u4102,"Sharing success story: Dana's Story",<news>,"2016-04-21 22:27:04"
u4102,"Sharing success story: Dee's Story",<news>,"2016-04-21 22:27:27"
u4102,"Sharing success story: Elizabeth's Story",<news>,"2016-04-21 22:26:20"
u4102,"Sharing success story: Holly's Story",<news>,"2016-04-21 22:27:00"
u4102,"Sharing success story: Jeff B.'s Story",<news>,"2016-04-21 22:27:24"
u4102,"Sharing success story: Joe's Story",<news>,"2016-04-21 22:27:12"
u4102,"Sharing success story: Lorna's Story",<news>,"2016-04-21 22:26:49"
u4102,"Sharing success story: Marcia's Story",<news>,"2016-04-21 22:26:42"
u4102,"Sharing success story: Mike's Story",<news>,"2016-04-21 22:26:00"
u4102,"Sharing success story: Vander's Story",<news>,"2016-04-21 22:26:55"
u4104,"Sharing news story: 10 Questions Some Doctors Are Afraid To Ask",<news>,"2016-04-19 03:55:48"
u4104,"Sharing news story: Definition of Recovery",<news>,"2016-05-24 03:39:51"
u4104,"Sharing news story: No Coordination of Services for People with Serious Mental Illness",<news>,"2016-04-12 23:53:00"
u4104,"Sharing news story: Smoking-Related Deaths Significantly Underestimated",<news>,"2016-05-24 03:39:39"
u4104,"Sharing news story: The price of honesty",<news>,"2016-04-12 23:52:45"
u4104,"Taking TES module: "Awareness of negative thinking"",<TES>,"2016-05-11 05:32:42"
u4106,"Taking TES module: "Awareness of negative thinking"",<TES>,"2016-05-07 00:01:02"
u4107,"Taking TES module: "Awareness of negative thinking"",<TES>,"2016-05-05 20:47:43"
u4108,"Sharing news story: Teen prescription opioid abuse, cigarette, and alcohol use trends down",<news>,"2016-07-11 07:14:01"
u4109,"Sharing news story: 10 Questions Some Doctors Are Afraid To Ask",<news>,"2016-04-18 02:20:23"
u4109,"Sharing news story: Do you know what your brain knows?",<news>,"2016-04-18 02:42:49"
u4109,"Sharing news story: NIDA researchers confirm important brain reward pathway",<news>,"2016-04-18 02:36:35"
u4109,"Sharing news story: No Coordination of Services for People with Serious Mental Illness",<news>,"2016-04-18 02:30:34"
u4109,"Sharing news story: Rapid agent restores pleasure-seeking ahead of other antidepressant action",<news>,"2016-04-18 02:56:42"
u4109,"Sharing news story: Study on Cocaine Use Could Help Explain Destructive Decisions by Users",<news>,"2016-04-18 02:33:19"
u4109,"Sharing news story: Teen prescription opioid abuse, cigarette, and alcohol use trends down",<news>,"2016-04-18 02:46:43"
u4109,"Sharing news story: The price of honesty",<news>,"2016-04-18 02:11:44"
u4109,"Sharing success story: Lorna's Story",<news>,"2016-04-12 01:32:44"
u4110,"Sharing news story: Despite risks, benzodiazepine use highest in older people",<news>,"2016-04-20 18:36:47"
u4110,"Sharing news story: The price of honesty",<news>,"2016-04-18 02:22:46"
u4110,"Taking TES module: "Training Module"",<TES>,"2016-04-19 17:01:02"
u4111,"Sharing news story: Despite risks, benzodiazepine use highest in older people",<news>,"2016-04-22 03:37:27"
u4111,"Sharing news story: Dump The Lumps: The World Health Organization Says Eat Less Sugar",<news>,"2016-07-11 02:19:59"
u4111,"Sharing news story: Rapid agent restores pleasure-seeking ahead of other antidepressant action",<news>,"2016-04-22 03:38:48"
u4111,"Sharing news story: Teen prescription opioid abuse, cigarette, and alcohol use trends down",<news>,"2016-07-11 02:20:20"
u4111,"Sharing news story: The price of honesty",<news>,"2016-04-22 03:39:53"
u4111,"Sharing success story: Holly's Story",<news>,"2016-06-15 18:27:26"
u4111,"Sharing success story: Lorna's Story",<news>,"2016-04-16 01:26:32"
u4111,"Taking TES module: "Self-Management Planning"",<TES>,"2016-07-20 01:43:23"
u4112,"Sharing news story: The price of honesty",<news>,"2016-04-18 02:16:45"
u4114,"Taking TES module: "Self-Management Planning"",<TES>,"2016-04-14 17:45:14"
u4115,"Sharing news story: 10 Questions Some Doctors Are Afraid To Ask",<news>,"2016-06-15 10:00:48"
u4115,"Sharing news story: Behavioral Therapy Helps More Than Drugs For Dementia Patients",<news>,"2016-06-15 09:57:28"
u4115,"Sharing news story: Definition of Recovery",<news>,"2016-06-15 10:02:09"
u4115,"Sharing news story: Drinkaware launches mobile app to help people cut down",<news>,"2016-06-15 09:58:27"
u4115,"Sharing news story: Study on Cocaine Use Could Help Explain Destructive Decisions by Users",<news>,"2016-06-15 10:03:34"
u4115,"Sharing news story: The price of honesty",<news>,"2016-06-15 09:53:16"
u4115,"Taking TES module: "Conducting a Functional Analysis"",<TES>,"2016-04-13 23:44:27"
u4115,"Taking TES module: "Drug Refusal Skills Training"",<TES>,"2016-04-14 16:09:54"
u4115,"Taking TES module: "Effective Problem Solving"",<TES>,"2016-04-14 00:15:37"
u4115,"Taking TES module: "Identifying and Managing Triggers for Risky Drug Use"",<TES>,"2016-04-14 16:27:07"
u4115,"Taking TES module: "Introduction to Problem Solving"",<TES>,"2016-04-14 00:09:27"
u4115,"Taking TES module: "Self-Management Planning"",<TES>,"2016-04-14 00:55:26"
u4115,"Taking TES module: "Training Module"",<TES>,"2016-04-13 23:49:30"
u4116,"Sharing news story: 10 Questions Some Doctors Are Afraid To Ask",<news>,"2016-06-16 04:05:50"
u4116,"Sharing news story: Behavioral Therapy Helps More Than Drugs For Dementia Patients",<news>,"2016-06-15 16:56:15"
u4116,"Taking TES module: "Conducting a Functional Analysis"",<TES>,"2016-04-13 00:23:34"
u4116,"Taking TES module: "Drug Refusal Skills Training"",<TES>,"2016-04-15 20:28:03"
u4116,"Taking TES module: "Effective Problem Solving"",<TES>,"2016-04-14 23:02:05"
u4116,"Taking TES module: "Introduction to Problem Solving"",<TES>,"2016-04-15 20:07:43"
u4116,"Taking TES module: "Self-Management Planning"",<TES>,"2016-04-15 20:17:44"
u4116,"Taking TES module: "Training Module"",<TES>,"2016-04-13 00:15:28"
u4116,"Taking TES module: "What is a Functional Analysis"",<TES>,"2016-04-13 00:18:09"
u4119,"Sharing news story: Behavioral Therapy Helps More Than Drugs For Dementia Patients",<news>,"2016-06-15 21:28:09"
u4119,"Sharing success story: Annemarie's Story",<news>,"2016-04-14 22:25:11"
u4119,"Sharing success story: Robert's Story",<news>,"2016-04-14 22:24:02"
u4119,"Sharing success story: WhyNotMe's Story",<news>,"2016-04-14 22:22:48"
u4119,"Sharing success story: Zacherie's Story",<news>,"2016-04-14 22:18:39"
u4122,"Sharing success story: Jeff B.'s Story",<news>,"2016-05-07 00:46:29"
u4122,"Sharing success story: Lorna's Story",<news>,"2016-05-07 00:46:18"
u4123,"Taking TES module: "Relationship Counseling - Part 1"",<TES>,"2016-06-13 14:24:11"
u4123,"Taking TES module: "Relationship Counseling - Part 2"",<TES>,"2016-06-13 14:42:51"
u4123,"Taking TES module: "Relationship Counseling - Part 3"",<TES>,"2016-06-13 15:07:39"
u4124,"Sharing success story: Holly's Story",<news>,"2016-04-21 11:08:53"
u4124,"Sharing success story: Phil's Story",<news>,"2016-04-21 11:09:01"
u4126,"Sharing news story: Definition of Recovery",<news>,"2016-05-23 02:41:55"
u4126,"Sharing news story: Sobriety Does Not Have to be Main Goal of Alcoholism Treatments, FDA Says",<news>,"2016-05-23 02:43:46"
u4126,"Sharing success story: Bob's Story",<news>,"2016-06-25 12:59:11"
u4126,"Sharing success story: CameToBelieve's Story",<news>,"2016-06-25 12:59:30"
u4126,"Sharing success story: Dana's Story",<news>,"2016-06-25 12:59:06"
u4126,"Sharing success story: Ginny's Story",<news>,"2016-06-25 13:03:58"
u4126,"Sharing success story: Holly's Story",<news>,"2016-06-25 12:58:59"
u4126,"Sharing success story: Joe's Story",<news>,"2016-06-25 12:59:19"
u4126,"Sharing success story: Lorna's Story",<news>,"2016-06-25 12:58:43"
u4126,"Sharing success story: Michelle's Story",<news>,"2016-05-23 02:39:53"
u4126,"Sharing success story: Stephanie B.'s Story",<news>,"2016-06-25 13:02:18"
u4126,"Sharing success story: Terri's Story",<news>,"2016-06-25 13:03:13"
u4126,"Sharing success story: Vander's Story",<news>,"2016-06-25 12:58:53"
u4126,"Sharing success story: WhyNotMe's Story",<news>,"2016-06-25 13:03:16"
u4126,"Sharing success story: Zacherie's Story",<news>,"2016-06-25 13:03:03"
u4126,"Taking TES module: "Time Management"",<TES>,"2016-06-25 13:19:55"
u4127,"Sharing success story: Michelle's Story",<news>,"2016-05-24 09:04:04"
u4127,"Taking TES module: "Effective Problem Solving"",<TES>,"2016-07-02 00:48:50"
u4129,"Sharing success story: Annemarie's Story",<news>,"2016-06-18 13:12:44"
u4129,"Sharing success story: Arnie's Story",<news>,"2016-04-12 13:59:32"
u4129,"Sharing success story: Bob's Story",<news>,"2016-06-18 13:12:41"
u4129,"Sharing success story: Dana's Story",<news>,"2016-06-18 13:12:38"
u4129,"Sharing success story: Lorna's Story",<news>,"2016-04-12 13:59:39"
u4129,"Sharing success story: Robert's Story",<news>,"2016-06-18 13:12:47"
u4131,"Taking TES module: "Other Drug Use"",<TES>,"2016-05-24 06:43:25"
u4132,"Sharing success story: Lorna's Story",<news>,"2016-05-01 14:08:50"
u4133,"Taking TES module: "Introduction to Relaxation Training"",<TES>,"2016-07-11 01:07:11"
u4135,"Sharing news story: 10 Questions Some Doctors Are Afraid To Ask",<news>,"2016-04-27 00:46:13"
u4135,"Sharing news story: Definition of Recovery",<news>,"2016-04-27 00:46:27"
u4137,"Sharing news story: 10 Questions Some Doctors Are Afraid To Ask",<news>,"2016-06-09 06:35:32"
u4137,"Sharing news story: Do you know what your brain knows?",<news>,"2016-05-18 03:04:40"
u4137,"Sharing news story: The price of honesty",<news>,"2016-05-18 03:08:55"
u4137,"Sharing success story: Annemarie's Story",<news>,"2016-04-21 06:07:16"
u4137,"Sharing success story: Bob's Story",<news>,"2016-04-21 05:37:36"
u4137,"Sharing success story: Brooklyn's Story",<news>,"2016-04-21 05:58:28"
u4137,"Sharing success story: CameToBelieve's Story",<news>,"2016-04-21 05:43:48"
u4137,"Sharing success story: Dana's Story",<news>,"2016-04-21 05:37:17"
u4137,"Sharing success story: Dee's Story",<news>,"2016-04-21 05:53:24"
u4137,"Sharing success story: Holly's Story",<news>,"2016-04-21 05:31:18"
u4137,"Sharing success story: Jeff B.'s Story",<news>,"2016-04-21 05:50:33"
u4137,"Sharing success story: Joe's Story",<news>,"2016-04-21 05:43:06"
u4137,"Sharing success story: Lorna's Story",<news>,"2016-04-21 05:21:25"
u4137,"Sharing success story: Robert's Story",<news>,"2016-04-22 05:41:42"
u4137,"Sharing success story: Terri's Story",<news>,"2016-04-22 05:43:13"
u4137,"Sharing success story: Vander's Story",<news>,"2016-04-21 05:23:10"
u4137,"Sharing success story: WhyNotMe's Story",<news>,"2016-04-23 02:54:49"
u4137,"Taking TES module: "Conducting a Functional Analysis"",<TES>,"2016-04-21 05:12:10"
u4137,"Taking TES module: "Identifying and Managing Triggers for Risky Drug Use"",<TES>,"2016-04-20 07:47:44"
u4137,"Taking TES module: "Insomnia"",<TES>,"2016-04-20 16:18:38"
u4137,"Taking TES module: "Introduction to Problem Solving"",<TES>,"2016-04-24 00:22:11"
u4137,"Taking TES module: "Relationship Counseling - Part 1"",<TES>,"2016-04-11 18:21:42"
u4137,"Taking TES module: "Seemingly Irrelevant Decisions"",<TES>,"2016-04-22 05:33:31"
u4137,"Taking TES module: "Sharing Feelings"",<TES>,"2016-04-24 00:49:36"
u4138,"Sharing news story: Definition of Recovery",<news>,"2016-04-16 12:08:15"
u4138,"Taking TES module: "Managing negative thinking"",<TES>,"2016-05-06 03:27:46"
u4138,"Taking TES module: "Relationship Counseling - Part 1"",<TES>,"2016-05-06 03:28:38"
u4138,"Taking TES module: "Training Module"",<TES>,"2016-05-06 03:29:31"
u4139,"Sharing news story: 10 Questions Some Doctors Are Afraid To Ask",<news>,"2016-06-09 10:22:12"
u4140,"Sharing success story: Ann's Story",<news>,"2016-05-29 08:08:02"
u4140,"Sharing success story: Holly's Story",<news>,"2016-04-11 17:59:17"
u4140,"Sharing success story: Lorna's Story",<news>,"2016-05-29 08:07:53"
u4140,"Sharing success story: Robert's Story",<news>,"2016-05-29 08:08:43"
u4140,"Sharing success story: Vander's Story",<news>,"2016-05-29 08:08:00"
u4140,"Taking TES module: "Decision-making Skills"",<TES>,"2016-04-11 18:00:12"
u4140,"Taking TES module: "Seemingly Irrelevant Decisions"",<TES>,"2016-05-22 19:44:52"
u4140,"Taking TES module: "Training Module"",<TES>,"2016-06-27 03:39:58"
u4141,"Taking TES module: "Sharing Feelings"",<TES>,"2016-05-10 18:36:27"
u4142,"Sharing success story: Holly's Story",<news>,"2016-04-20 05:45:08"
u4142,"Sharing success story: Lorna's Story",<news>,"2016-04-20 05:43:44"
u4142,"Sharing success story: Vander's Story",<news>,"2016-04-20 05:44:26"
u4142,"Sharing success story: Wendy's Story",<news>,"2016-05-03 03:15:21"
u4144,"Sharing success story: Lorna's Story",<news>,"2016-04-12 21:18:46"
u4145,"Sharing success story: Jeff B.'s Story",<news>,"2016-06-21 17:27:03"
u4145,"Sharing success story: Lorna's Story",<news>,"2016-06-21 17:29:35"
u4145,"Taking TES module: "Training Module"",<TES>,"2016-04-28 00:15:28"
u4147,"Sharing news story: Definition of Recovery",<news>,"2016-06-21 02:22:47"
u4147,"Sharing news story: No Coordination of Services for People with Serious Mental Illness",<news>,"2016-06-21 02:22:22"
u4148,"Taking TES module: "Training Module"",<TES>,"2016-04-18 22:27:05"
u4149,"Sharing news story: 10 Questions Some Doctors Are Afraid To Ask",<news>,"2016-05-01 04:44:33"
u4149,"Sharing news story: The price of honesty",<news>,"2016-05-01 04:43:29"
u4149,"Sharing success story: Brooklyn's Story",<news>,"2016-07-01 20:48:22"
u4149,"Sharing success story: Dana's Story",<news>,"2016-07-01 20:49:07"
u4151,"Sharing success story: CameToBelieve's Story",<news>,"2016-06-23 15:05:18"
u4151,"Sharing success story: Lorna's Story",<news>,"2016-06-23 15:05:02"
u4152,"Sharing news story: Small rewards might lead to big results in alcohol abstinence",<news>,"2016-06-18 22:25:17"
u4152,"Sharing news story: The price of honesty",<news>,"2016-04-16 11:03:23"
u4152,"Sharing success story: Brooklyn's Story",<news>,"2016-07-04 13:21:57"
u4152,"Sharing success story: Dana's Story",<news>,"2016-07-02 14:19:55"
u4152,"Taking TES module: "Training Module"",<TES>,"2016-05-21 00:21:07"
u4153,"Sharing news story: 10 Questions Some Doctors Are Afraid To Ask",<news>,"2016-05-07 23:35:00"
u4153,"Sharing news story: Do you know what your brain knows?",<news>,"2016-04-15 15:48:07"
u4153,"Sharing news story: Study on Cocaine Use Could Help Explain Destructive Decisions by Users",<news>,"2016-04-15 15:49:44"
u4153,"Sharing news story: The price of honesty",<news>,"2016-04-15 15:49:25"
u4153,"Taking TES module: "Conducting a Functional Analysis"",<TES>,"2016-04-16 23:06:18"
u4154,"Sharing success story: Annemarie's Story",<news>,"2016-04-21 16:41:39"
u4154,"Taking TES module: "Negotiating Safer Sex"",<TES>,"2016-04-21 16:44:08"
u4154,"Taking TES module: "What is a Functional Analysis"",<TES>,"2016-04-21 16:43:41"
u4158,"Sharing success story: Ann's Story",<news>,"2016-06-07 13:01:25"
u4158,"Sharing success story: Annemarie's Story",<news>,"2016-06-07 13:00:51"
u4158,"Sharing success story: Anthony's Story",<news>,"2016-06-07 13:02:58"
u4158,"Sharing success story: Arnie's Story",<news>,"2016-06-07 13:00:12"
u4158,"Sharing success story: Betsy's Story",<news>,"2016-06-07 13:03:47"
u4158,"Sharing success story: Bob's Story",<news>,"2016-06-07 13:00:38"
u4158,"Sharing success story: Brooklyn's Story",<news>,"2016-06-07 13:01:01"
u4158,"Sharing success story: CameToBelieve's Story",<news>,"2016-06-07 13:00:44"
u4158,"Sharing success story: Carl's Story",<news>,"2016-06-07 13:01:21"
u4158,"Sharing success story: Dana's Story",<news>,"2016-06-07 13:00:36"
u4158,"Sharing success story: Dee's Story",<news>,"2016-06-07 13:00:49"
u4158,"Sharing success story: Ginny's Story",<news>,"2016-06-07 13:03:25"
u4158,"Sharing success story: Holly's Story",<news>,"2016-06-07 13:00:32"
u4158,"Sharing success story: Jeff B.'s Story",<news>,"2016-06-07 13:00:46"
u4158,"Sharing success story: Jim's Story",<news>,"2016-06-07 13:03:55"
u4158,"Sharing success story: Joe's Story",<news>,"2016-06-07 13:00:41"
u4158,"Sharing success story: Laura's Story",<news>,"2016-06-07 13:03:08"
u4158,"Sharing success story: Lorna's Story",<news>,"2016-04-14 20:41:12"
u4158,"Sharing success story: Maggie's Story",<news>,"2016-06-07 13:01:37"
u4158,"Sharing success story: N.B.'s Story",<news>,"2016-06-07 13:02:48"
u4158,"Sharing success story: Regina's Story",<news>,"2016-06-07 13:04:04"
u4158,"Sharing success story: Robert's Story",<news>,"2016-06-07 13:01:04"
u4158,"Sharing success story: Samuel's Story",<news>,"2016-06-07 13:02:41"
u4158,"Sharing success story: Stephanie's Story",<news>,"2016-05-26 13:10:08"
u4158,"Sharing success story: Steve's Story",<news>,"2016-06-07 13:01:34"
u4158,"Sharing success story: Terri's Story",<news>,"2016-06-07 13:01:06"
u4158,"Sharing success story: Tony's Story",<news>,"2016-06-07 13:02:14"
u4158,"Sharing success story: Vander's Story",<news>,"2016-06-07 13:00:29"
u4158,"Sharing success story: Walter's Story",<news>,"2016-06-07 13:01:32"
u4158,"Sharing success story: Wendy's Story",<news>,"2016-06-07 13:01:18"
u4158,"Sharing success story: WhyNotMe's Story",<news>,"2016-06-07 13:01:12"
u4158,"Sharing success story: Zacherie's Story",<news>,"2016-06-07 13:02:03"
u4160,"Sharing success story: Annemarie's Story",<news>,"2016-04-14 05:32:03"
u4160,"Sharing success story: CameToBelieve's Story",<news>,"2016-04-14 05:31:20"
u4160,"Sharing success story: Holly's Story",<news>,"2016-04-14 05:31:58"
u4160,"Sharing success story: Joe's Story",<news>,"2016-04-14 05:32:05"
u4160,"Sharing success story: Lorna's Story",<news>,"2016-04-14 05:31:02"
u4161,"Sharing success story: Jeff B.'s Story",<news>,"2016-05-09 00:56:37"
u4161,"Sharing success story: Lorna's Story",<news>,"2016-05-02 16:23:56"
u4161,"Taking TES module: "Training Module"",<TES>,"2016-04-16 16:43:53"
u4162,"Sharing success story: Free's Story",<news>,"2016-04-11 15:36:04"
u4162,"Sharing success story: Lorna's Story",<news>,"2016-04-11 15:36:09"
u4163,"Sharing news story: Despite risks, benzodiazepine use highest in older people",<news>,"2016-04-16 18:24:12"
u4163,"Sharing success story: Vander's Story",<news>,"2016-04-16 18:22:51"
u4163,"Taking TES module: "Progressive Muscle Relaxation Training"",<TES>,"2016-05-09 05:21:41"
u4165,"Sharing news story: Despite risks, benzodiazepine use highest in older people",<news>,"2016-04-23 02:35:30"
u4165,"Sharing success story: Lorna's Story",<news>,"2016-05-03 11:05:56"
u4166,"Sharing news story: The price of honesty",<news>,"2016-04-17 14:56:10"
u4166,"Taking TES module: "Training Module"",<TES>,"2016-05-22 17:40:08"
u4166,"Taking TES module: "What is a Functional Analysis"",<TES>,"2016-05-22 17:44:11"
u4167,"Sharing success story: CameToBelieve's Story",<news>,"2016-05-25 23:07:16"
u4167,"Sharing success story: Dana's Story",<news>,"2016-05-19 03:15:44"
u4167,"Sharing success story: Stephanie's Story",<news>,"2016-05-19 03:16:01"
u4168,"Taking TES module: "Training Module"",<TES>,"2016-05-17 02:46:37"
u4169,"Sharing news story: 10 Questions Some Doctors Are Afraid To Ask",<news>,"2016-05-08 00:30:56"
u4169,"Sharing news story: Definition of Recovery",<news>,"2016-04-18 16:55:12"
u4169,"Sharing news story: Do you know what your brain knows?",<news>,"2016-05-08 00:31:50"
u4169,"Sharing news story: The price of honesty",<news>,"2016-04-18 15:50:25"
u4169,"Sharing success story: Ann's Story",<news>,"2016-05-25 22:55:53"
u4169,"Sharing success story: Anthony's Story",<news>,"2016-05-25 23:03:56"
u4169,"Sharing success story: Bob's Story",<news>,"2016-05-25 22:55:23"
u4169,"Sharing success story: Brooklyn's Story",<news>,"2016-05-25 22:58:22"
u4169,"Sharing success story: Dana's Story",<news>,"2016-05-25 22:57:28"
u4169,"Sharing success story: Dee's Story",<news>,"2016-05-25 22:54:26"
u4169,"Sharing success story: Ginny's Story",<news>,"2016-05-25 23:04:25"
u4169,"Sharing success story: Helen's Story",<news>,"2016-05-25 23:04:45"
u4169,"Sharing success story: Holly's Story",<news>,"2016-05-25 22:56:50"
u4169,"Sharing success story: Janis's Story",<news>,"2016-05-25 23:02:32"
u4169,"Sharing success story: Jeff B.'s Story",<news>,"2016-05-25 22:57:54"
u4169,"Sharing success story: Joe's Story",<news>,"2016-05-25 22:58:15"
u4169,"Sharing success story: Lorna's Story",<news>,"2016-05-25 22:56:19"
u4169,"Sharing success story: Robert's Story",<news>,"2016-05-25 22:55:45"
u4169,"Sharing success story: Stephanie's Story",<news>,"2016-05-25 22:59:26"
u4169,"Sharing success story: Steve's Story",<news>,"2016-05-25 23:03:39"
u4169,"Sharing success story: Vander's Story",<news>,"2016-05-25 22:56:46"
u4169,"Taking TES module: "Effective Problem Solving"",<TES>,"2016-05-23 13:45:51"
u4169,"Taking TES module: "Increasing self-confidence in decision-making"",<TES>,"2016-05-08 00:34:19"
u4169,"Taking TES module: "Introduction to Problem Solving"",<TES>,"2016-05-25 23:05:26"
u4169,"Taking TES module: "Training Module"",<TES>,"2016-04-18 17:33:05"
u4171,"Taking TES module: "Training Module"",<TES>,"2016-05-22 18:33:09"
u4174,"Sharing news story: 10 Questions Some Doctors Are Afraid To Ask",<news>,"2016-07-08 11:04:35"
u4174,"Sharing news story: Nationwide survey reveals widespread use of mind and body practices",<news>,"2016-04-16 07:47:24"
u4174,"Sharing news story: No Coordination of Services for People with Serious Mental Illness",<news>,"2016-05-22 15:22:21"
u4174,"Sharing news story: Sobriety Does Not Have to be Main Goal of Alcoholism Treatments, FDA Says",<news>,"2016-05-22 15:18:20"
u4174,"Sharing news story: The price of honesty",<news>,"2016-05-22 15:19:51"
u4174,"Sharing success story: Brooklyn's Story",<news>,"2016-05-10 00:38:06"
u4174,"Sharing success story: Holly's Story",<news>,"2016-07-15 08:37:20"
u4174,"Sharing success story: Joe's Story",<news>,"2016-07-15 08:41:59"
u4174,"Taking TES module: "Drug Use and Communication Skills"",<TES>,"2016-07-04 07:42:32"
u4174,"Taking TES module: "Identifying and Managing Triggers for Risky Drug Use"",<TES>,"2016-07-04 07:42:35"
u4174,"Taking TES module: "Introduction to Problem Solving"",<TES>,"2016-07-04 07:42:36"
u4174,"Taking TES module: "Managing negative thinking"",<TES>,"2016-07-04 07:42:34"
u4174,"Taking TES module: "Progressive Muscle Relaxation Generalization Training"",<TES>,"2016-05-10 00:52:30"
u4174,"Taking TES module: "Seemingly Irrelevant Decisions"",<TES>,"2016-07-04 07:42:35"
u4174,"Taking TES module: "Social Recreational Counseling "",<TES>,"2016-07-05 09:20:48"
u4174,"Taking TES module: "Training Module"",<TES>,"2016-05-21 12:59:13"
u4178,"Taking TES module: "Other Drug Use"",<TES>,"2016-07-30 14:24:03"
u4179,"Sharing news story: Definition of Recovery",<news>,"2016-05-08 21:54:55"
u4181,"Taking TES module: "Sharing Feelings"",<TES>,"2016-05-17 18:10:23"
u4182,"Sharing news story: 10 Questions Some Doctors Are Afraid To Ask",<news>,"2016-06-10 04:24:05"
u4182,"Sharing success story: WhyNotMe's Story",<news>,"2016-07-22 05:25:48"
u4185,"Taking TES module: "Introduction to Problem Solving"",<TES>,"2016-05-03 00:32:38"
u4185,"Taking TES module: "What is a Functional Analysis"",<TES>,"2016-04-30 17:13:54"
u4187,"Sharing news story: 10 Questions Some Doctors Are Afraid To Ask",<news>,"2016-04-18 04:15:25"
u4187,"Taking TES module: "Training Module"",<TES>,"2016-04-18 03:55:57"
u4187,"Taking TES module: "What is a Functional Analysis"",<TES>,"2016-04-18 03:58:20"
u4188,"Sharing news story: Definition of Recovery",<news>,"2016-07-07 19:11:43"
u4188,"Sharing news story: No Coordination of Services for People with Serious Mental Illness",<news>,"2016-05-02 18:38:08"
u4188,"Sharing news story: Sobriety Does Not Have to be Main Goal of Alcoholism Treatments, FDA Says",<news>,"2016-05-02 18:39:56"
u4188,"Sharing news story: Study on Cocaine Use Could Help Explain Destructive Decisions by Users",<news>,"2016-05-02 18:42:13"
u4188,"Sharing success story: CameToBelieve's Story",<news>,"2016-04-12 18:27:47"
u4188,"Sharing success story: Lorna's Story",<news>,"2016-04-15 05:29:08"
u4188,"Taking TES module: "HIV and AIDS"",<TES>,"2016-04-15 05:57:28"
u4189,"Sharing news story: More Choices for Your Patients: New NIAAA Pub Outlines Options for Treating Alcohol Problems",<news>,"2016-07-06 15:31:45"
u4189,"Sharing success story: Annemarie's Story",<news>,"2016-06-24 14:50:10"
u4189,"Sharing success story: Bob's Story",<news>,"2016-04-11 16:35:55"
u4189,"Sharing success story: CameToBelieve's Story",<news>,"2016-04-11 16:36:11"
u4189,"Sharing success story: Carl's Story",<news>,"2016-04-11 16:34:58"
u4189,"Sharing success story: Dana's Story",<news>,"2016-04-11 16:35:52"
u4189,"Sharing success story: Holly's Story",<news>,"2016-04-11 16:35:51"
u4189,"Sharing success story: Lorna's Story",<news>,"2016-04-11 16:35:43"
u4189,"Sharing success story: Vander's Story",<news>,"2016-04-11 16:35:49"
u4189,"Sharing success story: Wendy's Story",<news>,"2016-04-28 18:55:00"
u4189,"Taking TES module: "Conducting a Functional Analysis"",<TES>,"2016-04-12 14:30:58"
u4189,"Taking TES module: "Decision-making Skills"",<TES>,"2016-05-24 14:22:38"
u4189,"Taking TES module: "Introduction to Problem Solving"",<TES>,"2016-04-12 14:19:35"
u4189,"Taking TES module: "Self-Management Planning"",<TES>,"2016-05-24 14:21:07"
u4189,"Taking TES module: "Training Module"",<TES>,"2016-04-12 14:24:35"
u4189,"Taking TES module: "What is a Functional Analysis"",<TES>,"2016-04-12 14:25:38"
u4190,"Sharing success story: Ginny's Story",<news>,"2016-06-03 17:44:18"
u4190,"Sharing success story: Lorna's Story",<news>,"2016-06-03 17:43:40"
u4191,"Sharing success story: Stephanie's Story",<news>,"2016-06-03 20:57:16"
u4192,"Sharing success story: Brooklyn's Story",<news>,"2016-05-20 03:22:31"
u4192,"Sharing success story: Dana's Story",<news>,"2016-05-20 03:22:17"
u4193,"Sharing news story: 10 Questions Some Doctors Are Afraid To Ask",<news>,"2016-05-05 18:15:31"
u4193,"Sharing news story: Definition of Recovery",<news>,"2016-04-27 22:11:43"
u4193,"Sharing news story: Despite risks, benzodiazepine use highest in older people",<news>,"2016-06-29 20:29:52"
u4193,"Sharing news story: Do you know what your brain knows?",<news>,"2016-04-14 07:30:22"
u4193,"Sharing news story: Drinkaware launches mobile app to help people cut down",<news>,"2016-05-27 00:25:35"
u4193,"Sharing news story: Dump The Lumps: The World Health Organization Says Eat Less Sugar",<news>,"2016-07-12 19:46:55"
u4193,"Sharing news story: Nationwide survey reveals widespread use of mind and body practices",<news>,"2016-05-19 16:44:21"
u4193,"Sharing news story: NIAAA to conduct clinical trial of new medication for alcohol use disorder",<news>,"2016-05-18 20:12:37"
u4193,"Sharing news story: Rapid agent restores pleasure-seeking ahead of other antidepressant action",<news>,"2016-05-17 12:45:57"
u4193,"Sharing news story: Small rewards might lead to big results in alcohol abstinence",<news>,"2016-06-17 20:54:31"
u4193,"Sharing news story: The price of honesty",<news>,"2016-04-16 02:02:36"
u4193,"Sharing success story: HowlandWoof's Story",<news>,"2016-07-28 02:43:28"
u4193,"Sharing success story: WhyNotMe's Story",<news>,"2016-07-12 20:21:31"
u4193,"Taking TES module: "Attentive Listening"",<TES>,"2016-07-06 19:25:38"
u4193,"Taking TES module: "Awareness of negative thinking"",<TES>,"2016-05-16 20:40:12"
u4193,"Taking TES module: "Conducting a Functional Analysis"",<TES>,"2016-04-16 17:46:49"
u4193,"Taking TES module: "Coping with Thoughts About Using"",<TES>,"2016-04-28 23:11:52"
u4193,"Taking TES module: "Decision-making Skills"",<TES>,"2016-05-04 19:17:59"
u4193,"Taking TES module: "Drug Refusal Skills Training"",<TES>,"2016-04-21 02:49:42"
u4193,"Taking TES module: "Drug Use and Communication Skills"",<TES>,"2016-07-09 18:55:39"
u4193,"Taking TES module: "Effective Problem Solving"",<TES>,"2016-04-19 23:09:42"
u4193,"Taking TES module: "Giving and Receiving Compliments "",<TES>,"2016-07-26 17:20:35"
u4193,"Taking TES module: "Hepatitis"",<TES>,"2016-06-02 19:36:18"
u4193,"Taking TES module: "HIV and AIDS"",<TES>,"2016-05-18 19:59:30"
u4193,"Taking TES module: "Identifying and Managing Triggers for Risky Drug Use"",<TES>,"2016-04-27 21:53:05"
u4193,"Taking TES module: "Increasing self-confidence in decision-making"",<TES>,"2016-05-05 17:37:33"
u4193,"Taking TES module: "Insomnia"",<TES>,"2016-06-23 21:37:21"
u4193,"Taking TES module: "Introduction to Giving Criticism"",<TES>,"2016-07-26 17:28:01"
u4193,"Taking TES module: "Introduction to Problem Solving"",<TES>,"2016-04-16 17:55:03"
u4193,"Taking TES module: "Managing negative thinking"",<TES>,"2016-05-18 19:46:14"
u4193,"Taking TES module: "Managing Thoughts About Using"",<TES>,"2016-04-27 22:01:55"
u4193,"Taking TES module: "Nonverbal Communication"",<TES>,"2016-07-20 19:09:31"
u4193,"Taking TES module: "Relationship Counseling - Part 1"",<TES>,"2016-07-12 19:39:11"
u4193,"Taking TES module: "Relationship Counseling - Part 2"",<TES>,"2016-07-12 20:14:11"
u4193,"Taking TES module: "Relationship Counseling - Part 3"",<TES>,"2016-07-20 19:00:28"
u4193,"Taking TES module: "Seemingly Irrelevant Decisions"",<TES>,"2016-05-03 17:53:56"
u4193,"Taking TES module: "Selecting and correctly using condoms"",<TES>,"2016-06-17 20:41:57"
u4193,"Taking TES module: "Self-Management Planning"",<TES>,"2016-04-19 23:20:56"
u4193,"Taking TES module: "Sexual transmission of HIV and STIs"",<TES>,"2016-06-02 19:47:41"
u4193,"Taking TES module: "Sexually transmitted infections (STIs)"",<TES>,"2016-05-19 16:28:36"
u4193,"Taking TES module: "Sharing Feelings"",<TES>,"2016-07-04 22:22:56"
u4193,"Taking TES module: "Training Module"",<TES>,"2016-04-11 19:34:21"
u4193,"Taking TES module: "What is a Functional Analysis"",<TES>,"2016-04-11 20:26:43"
u4194,"Sharing news story: Sobriety Does Not Have to be Main Goal of Alcoholism Treatments, FDA Says",<news>,"2016-06-06 02:49:18"
u4194,"Sharing success story: Bob's Story",<news>,"2016-05-17 23:19:53"
u4194,"Sharing success story: Dana's Story",<news>,"2016-05-17 23:21:30"
u4196,"Sharing news story: Alcohol related hospital admissions up by a third",<news>,"2016-04-19 10:26:59"
u4196,"Sharing news story: Drinkaware launches mobile app to help people cut down",<news>,"2016-04-19 10:35:25"
u4196,"Sharing news story: NIAAA to conduct clinical trial of new medication for alcohol use disorder",<news>,"2016-04-19 10:32:32"
u4196,"Sharing news story: Small rewards might lead to big results in alcohol abstinence",<news>,"2016-04-19 10:29:16"
u4196,"Taking TES module: "Training Module"",<TES>,"2016-04-19 10:18:06"
u4197,"Sharing success story: Anthony's Story",<news>,"2016-04-11 23:04:42"
u4197,"Sharing success story: Arnie's Story",<news>,"2016-04-11 23:04:52"
u4197,"Sharing success story: Brooklyn's Story",<news>,"2016-04-11 23:02:54"
u4199,"Sharing success story: Christa's Story",<news>,"2016-07-04 10:43:39"
u4199,"Sharing success story: Free's Story",<news>,"2016-07-04 10:44:57"
u4199,"Sharing success story: Janis's Story",<news>,"2016-07-04 10:45:18"
u4199,"Sharing success story: Marcia's Story",<news>,"2016-07-04 10:44:07"
u4199,"Taking TES module: "Seemingly Irrelevant Decisions"",<TES>,"2016-07-04 10:42:58"
u4203,"Sharing success story: Brooklyn's Story",<news>,"2016-05-01 02:30:17"
u4203,"Sharing success story: CameToBelieve's Story",<news>,"2016-05-01 02:30:54"
u4205,"Sharing news story: Definition of Recovery",<news>,"2016-04-12 18:25:50"
u4205,"Sharing success story: CameToBelieve's Story",<news>,"2016-04-12 15:52:54"
u4205,"Sharing success story: Lorna's Story",<news>,"2016-04-11 16:27:31"
u4205,"Sharing success story: Marcia's Story",<news>,"2016-04-11 16:27:04"
u4205,"Sharing success story: Vander's Story",<news>,"2016-04-11 16:29:16"
u4205,"Taking TES module: "Training Module"",<TES>,"2016-04-11 18:44:21"
u4205,"Taking TES module: "What is a Functional Analysis"",<TES>,"2016-04-12 15:27:25"
u4207,"Sharing news story: More Choices for Your Patients: New NIAAA Pub Outlines Options for Treating Alcohol Problems",<news>,"2016-06-06 14:23:54"
u4207,"Taking TES module: "The Female Condom"",<TES>,"2016-04-12 17:19:29"
u4207,"Taking TES module: "Training Module"",<TES>,"2016-04-12 15:05:23"
u4209,"Sharing news story: No Coordination of Services for People with Serious Mental Illness",<news>,"2016-06-04 09:18:12"
u4209,"Sharing news story: Sobriety Does Not Have to be Main Goal of Alcoholism Treatments, FDA Says",<news>,"2016-06-04 09:18:55"
u4209,"Sharing success story: Stephanie's Story",<news>,"2016-04-19 04:35:47"
u4211,"Sharing news story: Definition of Recovery",<news>,"2016-06-20 17:46:42"
u4211,"Sharing success story: Betsy's Story",<news>,"2016-05-18 20:25:46"
u4211,"Sharing success story: Elizabeth's Story",<news>,"2016-05-18 20:25:53"
u4211,"Sharing success story: Free's Story",<news>,"2016-05-18 20:16:59"
u4211,"Sharing success story: Helen's Story",<news>,"2016-05-18 20:17:17"
u4211,"Taking TES module: "Alcohol and Disulfiram"",<TES>,"2016-06-13 18:47:12"
u4211,"Taking TES module: "Living with Hepatitis C: Coping skills "",<TES>,"2016-06-13 18:47:34"
u4212,"Sharing success story: Vander's Story",<news>,"2016-04-21 19:04:13"
u4213,"Sharing success story: Arnie's Story",<news>,"2016-04-14 07:01:17"
u4215,"Sharing success story: Anthony's Story",<news>,"2016-08-01 03:31:45"
u4215,"Sharing success story: Bob's Story",<news>,"2016-08-01 03:31:56"
u4215,"Sharing success story: Carl's Story",<news>,"2016-08-01 03:32:18"
u4215,"Sharing success story: Ed's Story",<news>,"2016-08-01 03:32:41"
u4215,"Sharing success story: Vander's Story",<news>,"2016-08-01 03:32:53"
u4215,"Taking TES module: "Awareness of negative thinking"",<TES>,"2016-05-10 03:47:50"
u4215,"Taking TES module: "Giving and Receiving Compliments "",<TES>,"2016-05-21 01:25:35"
u4215,"Taking TES module: "Increasing self-confidence in decision-making"",<TES>,"2016-05-11 03:08:34"
u4215,"Taking TES module: "Introduction to Problem Solving"",<TES>,"2016-05-11 03:03:19"
u4215,"Taking TES module: "Managing negative thinking"",<TES>,"2016-04-22 20:35:19"
u4215,"Taking TES module: "Nonverbal Communication"",<TES>,"2016-05-21 01:33:45"
u4215,"Taking TES module: "Training Module"",<TES>,"2016-05-05 00:12:41"
u4216,"Sharing success story: Bill's Story",<news>,"2016-04-14 01:43:19"
u4216,"Sharing success story: Joe's Story",<news>,"2016-05-23 19:29:45"
u4217,"Sharing success story: Jeff B.'s Story",<news>,"2016-05-09 01:53:20"
u4217,"Sharing success story: Lorna's Story",<news>,"2016-05-02 17:29:28"
u4217,"Taking TES module: "Seemingly Irrelevant Decisions"",<TES>,"2016-05-23 00:18:24"
u4217,"Taking TES module: "Training Module"",<TES>,"2016-04-15 13:32:53"
u4220,"Sharing news story: Definition of Recovery",<news>,"2016-07-04 02:34:53"
u4220,"Sharing news story: NIAAA to conduct clinical trial of new medication for alcohol use disorder",<news>,"2016-04-16 03:48:39"
u4220,"Sharing news story: No Coordination of Services for People with Serious Mental Illness",<news>,"2016-06-07 01:15:36"
u4220,"Sharing news story: Rapid agent restores pleasure-seeking ahead of other antidepressant action",<news>,"2016-04-16 03:44:59"
u4220,"Sharing news story: The price of honesty",<news>,"2016-04-16 03:50:40"
u4220,"Sharing success story: Ann's Story",<news>,"2016-04-16 02:54:30"
u4220,"Sharing success story: Anthony's Story",<news>,"2016-04-15 05:13:15"
u4220,"Sharing success story: Arnie's Story",<news>,"2016-04-15 05:13:39"
u4220,"Sharing success story: Bob's Story",<news>,"2016-04-15 05:08:03"
u4220,"Sharing success story: Brooklyn's Story",<news>,"2016-04-15 05:09:09"
u4220,"Sharing success story: CameToBelieve's Story",<news>,"2016-04-15 05:06:05"
u4220,"Sharing success story: Carl's Story",<news>,"2016-04-16 02:53:01"
u4220,"Sharing success story: Dee's Story",<news>,"2016-04-15 05:11:00"
u4220,"Sharing success story: Ehsan's Story",<news>,"2016-04-16 02:49:12"
u4220,"Sharing success story: Lorna's Story",<news>,"2016-04-15 05:10:39"
u4220,"Sharing success story: Lorrain's Story",<news>,"2016-04-16 02:46:25"
u4220,"Sharing success story: Mike's Story",<news>,"2016-04-15 05:12:29"
u4220,"Sharing success story: N.B.'s Story",<news>,"2016-04-15 05:13:17"
u4220,"Sharing success story: Samuel's Story",<news>,"2016-04-15 05:07:53"
u4220,"Sharing success story: Stephanie's Story",<news>,"2016-06-07 00:08:36"
u4220,"Sharing success story: Terri's Story",<news>,"2016-04-15 05:07:16"
u4220,"Sharing success story: Tony's Story",<news>,"2016-04-16 02:45:22"
u4220,"Sharing success story: Vander's Story",<news>,"2016-04-16 02:48:56"
u4220,"Sharing success story: WhyNotMe's Story",<news>,"2016-04-15 05:07:12"
u4220,"Taking TES module: "Effective Problem Solving"",<TES>,"2016-04-24 15:05:31"
u4220,"Taking TES module: "Introduction to Problem Solving"",<TES>,"2016-04-21 04:07:50"
u4220,"Taking TES module: "Living with Hepatitis C: Managing treatment and promoting healthy behavior "",<TES>,"2016-04-21 04:21:08"
u4220,"Taking TES module: "Seemingly Irrelevant Decisions"",<TES>,"2016-07-04 02:07:30"
u4220,"Taking TES module: "Self-Management Planning"",<TES>,"2016-04-24 15:14:34"
u4220,"Taking TES module: "Training Module"",<TES>,"2016-04-16 03:15:17"
u4220,"Taking TES module: "What is a Functional Analysis"",<TES>,"2016-04-16 03:23:34"
u4221,"Sharing news story: Definition of Recovery",<news>,"2016-05-23 21:22:11"
u4221,"Sharing news story: Eating habits, body fat related to differences in brain chemistry",<news>,"2016-05-23 21:24:06"
u4221,"Sharing news story: Nationwide survey reveals widespread use of mind and body practices",<news>,"2016-05-23 21:24:32"
u4221,"Sharing news story: Rapid agent restores pleasure-seeking ahead of other antidepressant action",<news>,"2016-05-23 16:02:43"
u4221,"Sharing news story: Teen prescription opioid abuse, cigarette, and alcohol use trends down",<news>,"2016-05-23 16:01:43"
u4221,"Sharing news story: The price of honesty",<news>,"2016-05-23 21:25:14"
u4221,"Sharing success story: Bob's Story",<news>,"2016-05-02 22:46:13"
u4221,"Sharing success story: CameToBelieve's Story",<news>,"2016-05-02 22:48:06"
u4221,"Sharing success story: Dana's Story",<news>,"2016-05-02 22:46:01"
u4221,"Sharing success story: Dee's Story",<news>,"2016-04-11 15:28:33"
u4221,"Sharing success story: Free's Story",<news>,"2016-07-09 21:30:52"
u4221,"Sharing success story: Holly's Story",<news>,"2016-04-11 15:28:30"
u4221,"Sharing success story: Jeff B.'s Story",<news>,"2016-05-02 22:48:09"
u4221,"Sharing success story: Joe's Story",<news>,"2016-05-02 22:48:03"
u4221,"Sharing success story: Lorna's Story",<news>,"2016-04-11 15:27:56"
u4221,"Sharing success story: Marcia's Story",<news>,"2016-06-24 21:52:17"
u4221,"Sharing success story: Robert's Story",<news>,"2016-05-12 18:11:40"
u4221,"Sharing success story: Samuel's Story",<news>,"2016-04-11 15:28:58"
u4221,"Sharing success story: Terri's Story",<news>,"2016-05-12 18:18:22"
u4221,"Sharing success story: Vander's Story",<news>,"2016-04-11 15:28:08"
u4221,"Sharing success story: Wendy's Story",<news>,"2016-05-22 19:56:01"
u4221,"Sharing success story: WhyNotMe's Story",<news>,"2016-05-22 19:55:42"
u4221,"Taking TES module: "Awareness of negative thinking"",<TES>,"2016-07-09 21:15:16"
u4221,"Taking TES module: "Drug Refusal Skills Training"",<TES>,"2016-05-22 19:59:13"
u4221,"Taking TES module: "Increasing self-confidence in decision-making"",<TES>,"2016-05-22 20:00:01"
u4221,"Taking TES module: "Other Drug Use"",<TES>,"2016-07-03 14:53:52"
u4221,"Taking TES module: "Relationship Counseling - Part 1"",<TES>,"2016-07-03 14:58:07"
u4221,"Taking TES module: "Sharing Feelings"",<TES>,"2016-07-03 14:49:25"
u4221,"Taking TES module: "The Female Condom"",<TES>,"2016-07-31 01:45:33"
u4222,"Sharing success story: Amy's Story",<news>,"2016-05-09 10:25:06"
u4222,"Sharing success story: Ann's Story",<news>,"2016-05-09 10:28:16"
u4222,"Sharing success story: Annemarie's Story",<news>,"2016-05-09 10:28:21"
u4222,"Sharing success story: CameToBelieve's Story",<news>,"2016-05-25 19:01:45"
u4222,"Sharing success story: Dee's Story",<news>,"2016-05-09 10:25:39"
u4222,"Sharing success story: Helen's Story",<news>,"2016-05-09 10:24:42"
u4222,"Sharing success story: Holly's Story",<news>,"2016-05-09 10:22:44"
u4222,"Sharing success story: Lorna's Story",<news>,"2016-05-09 10:25:31"
u4222,"Sharing success story: Maggie's Story",<news>,"2016-05-09 10:27:29"
u4222,"Sharing success story: Marcia's Story",<news>,"2016-05-09 10:24:34"
u4222,"Sharing success story: Stephanie's Story",<news>,"2016-05-09 10:24:18"
u4222,"Sharing success story: Terri's Story",<news>,"2016-05-09 10:25:42"
u4223,"Sharing news story: 10 Questions Some Doctors Are Afraid To Ask",<news>,"2016-05-21 00:16:03"
u4223,"Sharing news story: Alcohol related hospital admissions up by a third",<news>,"2016-05-21 00:17:48"
u4223,"Sharing success story: Anthony's Story",<news>,"2016-04-21 02:59:36"
u4223,"Sharing success story: CameToBelieve's Story",<news>,"2016-04-14 05:52:49"
u4223,"Sharing success story: Free's Story",<news>,"2016-04-14 05:52:32"
u4223,"Sharing success story: Holly's Story",<news>,"2016-04-14 05:52:23"
u4223,"Sharing success story: Tony's Story",<news>,"2016-04-21 02:59:43"
u4224,"Sharing news story: 10 Questions Some Doctors Are Afraid To Ask",<news>,"2016-05-22 01:51:41"
u4224,"Sharing news story: Alcohol related hospital admissions up by a third",<news>,"2016-05-22 01:52:41"
u4224,"Sharing news story: Drinkaware launches mobile app to help people cut down",<news>,"2016-07-14 01:12:04"
u4224,"Sharing news story: The price of honesty",<news>,"2016-07-14 01:12:38"
u4224,"Sharing success story: Annemarie's Story",<news>,"2016-04-15 02:58:58"
u4224,"Sharing success story: Carl's Story",<news>,"2016-04-15 02:58:42"
u4224,"Sharing success story: Dana's Story",<news>,"2016-04-15 03:00:03"
u4224,"Sharing success story: Dee's Story",<news>,"2016-07-31 17:59:51"
u4224,"Sharing success story: Ginny's Story",<news>,"2016-04-15 02:58:28"
u4224,"Sharing success story: Joe's Story",<news>,"2016-04-15 02:59:42"
u4224,"Sharing success story: Lorna's Story",<news>,"2016-04-15 02:57:49"
u4224,"Sharing success story: Marcia's Story",<news>,"2016-07-14 01:18:42"
u4224,"Sharing success story: Vander's Story",<news>,"2016-07-14 01:17:53"
u4224,"Sharing success story: WhyNotMe's Story",<news>,"2016-04-15 02:58:01"
u4224,"Taking TES module: "Seemingly Irrelevant Decisions"",<TES>,"2016-07-06 12:39:55"
u4226,"Sharing success story: Lorna's Story",<news>,"2016-04-16 13:04:21"
u4226,"Taking TES module: "Training Module"",<TES>,"2016-05-10 23:22:15"
u4228,"Sharing news story: No Coordination of Services for People with Serious Mental Illness",<news>,"2016-04-27 02:44:33"
u4228,"Sharing success story: Carl's Story",<news>,"2016-04-16 02:08:37"
u4229,"Sharing news story: 10 Questions Some Doctors Are Afraid To Ask",<news>,"2016-04-18 06:40:22"
u4229,"Sharing news story: Can We Predict Which Teens Are Likely To Binge Drink? Maybe",<news>,"2016-04-18 06:50:26"
u4229,"Sharing news story: Rapid agent restores pleasure-seeking ahead of other antidepressant action",<news>,"2016-04-18 06:44:16"
u4229,"Sharing news story: Sobriety Does Not Have to be Main Goal of Alcoholism Treatments, FDA Says",<news>,"2016-06-08 16:49:57"
u4229,"Sharing news story: Study on Cocaine Use Could Help Explain Destructive Decisions by Users",<news>,"2016-04-18 06:44:44"
u4229,"Sharing success story: Brooklyn's Story",<news>,"2016-04-18 07:12:26"
u4229,"Sharing success story: CameToBelieve's Story",<news>,"2016-04-18 07:11:55"
u4229,"Sharing success story: Dana's Story",<news>,"2016-04-18 07:11:46"
u4229,"Sharing success story: Holly's Story",<news>,"2016-04-18 07:08:47"
u4229,"Sharing success story: Jeff B.'s Story",<news>,"2016-04-18 07:14:44"
u4229,"Sharing success story: Laura's Story",<news>,"2016-04-18 07:17:07"
u4229,"Sharing success story: Lorna's Story",<news>,"2016-04-18 07:05:42"
u4229,"Sharing success story: Maggie's Story",<news>,"2016-04-18 07:13:12"
u4229,"Sharing success story: Stephanie's Story",<news>,"2016-04-18 07:17:41"
u4229,"Sharing success story: Vander's Story",<news>,"2016-04-18 07:06:42"
u4229,"Taking TES module: "Conducting a Functional Analysis"",<TES>,"2016-04-26 05:53:53"
u4229,"Taking TES module: "Training Module"",<TES>,"2016-04-18 07:29:51"
u4229,"Taking TES module: "What is a Functional Analysis"",<TES>,"2016-04-18 07:36:32"
u4231,"Sharing success story: Ann's Story",<news>,"2016-05-30 14:45:24"
u4231,"Sharing success story: Annemarie's Story",<news>,"2016-04-27 15:03:27"
u4231,"Sharing success story: Anthony's Story",<news>,"2016-05-30 14:49:10"
u4231,"Sharing success story: Bob's Story",<news>,"2016-04-27 15:03:17"
u4231,"Sharing success story: Brooklyn's Story",<news>,"2016-04-27 15:03:26"
u4231,"Sharing success story: CameToBelieve's Story",<news>,"2016-04-27 15:03:20"
u4231,"Sharing success story: Carl's Story",<news>,"2016-05-30 14:45:40"
u4231,"Sharing success story: Dana's Story",<news>,"2016-04-27 15:03:15"
u4231,"Sharing success story: Dee's Story",<news>,"2016-04-27 15:03:23"
u4231,"Sharing success story: Holly's Story",<news>,"2016-04-27 15:03:13"
u4231,"Sharing success story: Jeff B.'s Story",<news>,"2016-04-27 15:03:22"
u4231,"Sharing success story: Joe's Story",<news>,"2016-04-19 13:57:25"
u4231,"Sharing success story: Laura's Story",<news>,"2016-05-30 14:49:13"
u4231,"Sharing success story: Lorna's Story",<news>,"2016-04-27 15:03:04"
u4231,"Sharing success story: Maggie's Story",<news>,"2016-05-30 14:48:49"
u4231,"Sharing success story: Michelle's Story",<news>,"2016-05-30 14:48:33"
u4231,"Sharing success story: Robert's Story",<news>,"2016-04-27 15:03:29"
u4231,"Sharing success story: Samuel's Story",<news>,"2016-05-30 14:49:08"
u4231,"Sharing success story: Stephanie's Story",<news>,"2016-05-30 14:49:03"
u4231,"Sharing success story: Terri's Story",<news>,"2016-04-27 15:03:32"
u4231,"Sharing success story: Tony's Story",<news>,"2016-05-30 14:49:01"
u4231,"Sharing success story: Vander's Story",<news>,"2016-05-30 14:44:49"
u4231,"Sharing success story: Walter's Story",<news>,"2016-05-30 14:45:26"
u4231,"Sharing success story: Wendy's Story",<news>,"2016-04-27 15:03:37"
u4231,"Sharing success story: WhyNotMe's Story",<news>,"2016-04-27 15:03:34"
u4231,"Sharing success story: Zacherie's Story",<news>,"2016-05-30 14:48:57"
u4231,"Taking TES module: "Training Module"",<TES>,"2016-04-27 15:27:22"
u4232,"Sharing news story: Do you know what your brain knows?",<news>,"2016-04-14 22:30:41"
u4232,"Sharing news story: Nationwide survey reveals widespread use of mind and body practices",<news>,"2016-05-19 19:04:37"
u4232,"Sharing news story: The price of honesty",<news>,"2016-04-21 22:45:32"
u4232,"Taking TES module: "Coping with Thoughts About Using"",<TES>,"2016-04-29 11:27:54"
u4232,"Taking TES module: "Training Module"",<TES>,"2016-04-29 11:29:20"
u4234,"Sharing news story: 10 Questions Some Doctors Are Afraid To Ask",<news>,"2016-05-01 04:23:31"
u4234,"Sharing success story: Jeff B.'s Story",<news>,"2016-04-15 17:04:01"
u4234,"Sharing success story: Phil's Story",<news>,"2016-04-15 17:06:53"
u4235,"Sharing news story: 10 Questions Some Doctors Are Afraid To Ask",<news>,"2016-04-12 22:54:43"
u4235,"Taking TES module: "Seemingly Irrelevant Decisions"",<TES>,"2016-04-12 16:15:34"
u4235,"Taking TES module: "Training Module"",<TES>,"2016-04-12 16:15:55"
u4237,"Taking TES module: "Training Module"",<TES>,"2016-04-30 16:08:31"
u4237,"Taking TES module: "What is a Functional Analysis"",<TES>,"2016-04-30 16:16:32"
u4238,"Taking TES module: "Training Module"",<TES>,"2016-04-23 00:10:06"
u4240,"Sharing success story: Lorna's Story",<news>,"2016-04-15 14:00:19"
u4241,"Taking TES module: "Training Module"",<TES>,"2016-04-12 11:14:34"
u4242,"Sharing news story: Definition of Recovery",<news>,"2016-04-13 01:49:39"
u4242,"Sharing news story: Sobriety Does Not Have to be Main Goal of Alcoholism Treatments, FDA Says",<news>,"2016-04-13 01:50:23"
u4242,"Sharing success story: Ann's Story",<news>,"2016-04-13 01:54:43"
u4242,"Sharing success story: Annemarie's Story",<news>,"2016-04-13 01:55:35"
u4242,"Sharing success story: Betsy's Story",<news>,"2016-04-13 01:53:01"
u4242,"Sharing success story: Bob's Story",<news>,"2016-04-13 01:51:21"
u4242,"Sharing success story: Brooklyn's Story",<news>,"2016-04-13 01:55:54"
u4242,"Sharing success story: CameToBelieve's Story",<news>,"2016-04-13 01:56:21"
u4242,"Sharing success story: Dana's Story",<news>,"2016-04-13 01:51:04"
u4242,"Sharing success story: Free's Story",<news>,"2016-04-20 03:50:20"
u4242,"Sharing success story: Ginny's Story",<news>,"2016-04-13 01:53:07"
u4242,"Sharing success story: Holly's Story",<news>,"2016-04-13 01:52:43"
u4242,"Sharing success story: Lorna's Story",<news>,"2016-04-13 01:51:53"
u4242,"Sharing success story: Michelle's Story",<news>,"2016-04-13 01:53:34"
u4242,"Sharing success story: Vander's Story",<news>,"2016-04-13 01:52:02"
u4242,"Sharing success story: Walter's Story",<news>,"2016-04-13 01:54:31"
u4242,"Sharing success story: Wendy's Story",<news>,"2016-04-13 01:54:50"
u4242,"Sharing success story: WhyNotMe's Story",<news>,"2016-04-13 01:54:54"
u4242,"Taking TES module: "Attentive Listening"",<TES>,"2016-04-13 01:36:29"
u4242,"Taking TES module: "Effective Problem Solving"",<TES>,"2016-04-19 01:32:45"
u4242,"Taking TES module: "Financial Management"",<TES>,"2016-06-09 01:34:54"
u4242,"Taking TES module: "Introduction to Problem Solving"",<TES>,"2016-06-09 01:42:07"
u4245,"Taking TES module: "Effective Problem Solving"",<TES>,"2016-06-13 10:46:36"
u4251,"Sharing news story: Definition of Recovery",<news>,"2016-04-21 10:07:12"
u4251,"Sharing success story: Anthony's Story",<news>,"2016-04-21 09:50:59"
u4251,"Sharing success story: Holly's Story",<news>,"2016-04-15 11:04:42"
u4251,"Taking TES module: "Conducting a Functional Analysis"",<TES>,"2016-04-19 10:57:24"
u4251,"Taking TES module: "Effective Problem Solving"",<TES>,"2016-04-19 11:09:14"
u4251,"Taking TES module: "Introduction to Problem Solving"",<TES>,"2016-04-19 11:03:18"
u4251,"Taking TES module: "Managing negative thinking"",<TES>,"2016-05-04 10:52:48"
u4251,"Taking TES module: "Seemingly Irrelevant Decisions"",<TES>,"2016-04-25 11:12:41"
u4251,"Taking TES module: "Self-Management Planning"",<TES>,"2016-04-20 10:51:12"
u4251,"Taking TES module: "Training Module"",<TES>,"2016-04-18 11:22:23"
u4254,"Sharing news story: Definition of Recovery",<news>,"2016-06-21 15:18:17"
u4255,"Sharing success story: Bob's Story",<news>,"2016-04-11 21:11:51"
u4255,"Sharing success story: Dana's Story",<news>,"2016-04-11 21:11:42"
u4255,"Sharing success story: Holly's Story",<news>,"2016-04-11 21:11:36"
u4255,"Sharing success story: Lorna's Story",<news>,"2016-04-11 21:11:24"
u4255,"Sharing success story: Vander's Story",<news>,"2016-04-11 21:11:33"
